2026-09-25 00:35:15.547 [INF] HTTP GET /api/auth/csrf responded 404 in 0.4146 ms
2026-09-25 00:35:15.982 [INF] Gernerate new refresh token- 
2026-09-25 00:35:15.984 [INF] HTTP POST /api/auth/refresh responded 200 in 426.8091 ms
2026-09-25 00:35:16.244 [INF] Workspace List fetched successfully : For Emplyee "08df046f-470d-4db0-8286-3135ffb6f6ce"
2026-09-25 00:35:16.245 [INF] HTTP GET /api/auth/get-workspace responded 200 in 225.7599 ms
2026-09-25 00:35:17.301 [INF] Workspace selection successfuly open - "c84c9fae-750c-4327-b3fd-338517be8161"
2026-09-25 00:35:17.301 [INF] HTTP POST /api/auth/select-workspace responded 200 in 258.9679 ms
2026-09-25 00:35:20.880 [INF] Fetched 9 job roles for organization "c84c9fae-750c-4327-b3fd-338517be8161"
2026-09-25 00:35:21.005 [INF] HTTP GET /api/master/get-jobroles responded 200 in 193.2271 ms
2026-09-25 00:35:21.074 [WRN] Project Stages fetched successfully
2026-09-25 00:35:21.075 [INF] HTTP GET /api/master/project-stages responded 200 in 173.7438 ms
2026-09-25 00:35:27.514 [INF] JobeRole created successfully : For organization "c84c9fae-750c-4327-b3fd-338517be8161"
2026-09-25 00:35:27.519 [INF] HTTP POST /api/master/create-jobrole responded 201 in 251.6794 ms
2026-09-25 00:35:27.576 [INF] Fetched 10 job roles for organization "c84c9fae-750c-4327-b3fd-338517be8161"
2026-09-25 00:35:27.597 [INF] HTTP GET /api/master/get-jobroles responded 200 in 69.2862 ms
2026-09-25 00:39:35.233 [INF] Prospect List fetched successfully : Organization "c84c9fae-750c-4327-b3fd-338517be8161"
2026-09-25 00:39:35.233 [INF] HTTP GET /api/prospects/list responded 200 in 88.8754 ms
2026-09-25 00:39:36.337 [INF] Fetched {Count} Prospect Temperatures 
2026-09-25 00:39:36.381 [INF] HTTP GET /api/master/temperatures responded 200 in 227.0738 ms
2026-09-25 00:39:36.418 [INF] Fetched {Count} Prospect Status 
2026-09-25 00:39:36.501 [INF] HTTP GET /api/master/prospect-status responded 200 in 347.1833 ms
2026-09-25 00:39:36.613 [INF] Prospect  fetched successfully : Organization "c84c9fae-750c-4327-b3fd-338517be8161"
2026-09-25 00:39:36.613 [INF] HTTP GET /api/prospects/6f88cef5-9ba5-4607-b54b-a45e3f61448d responded 200 in 459.6836 ms
2026-09-25 00:39:40.088 [INF] Fetched 10 job roles for organization "c84c9fae-750c-4327-b3fd-338517be8161"
2026-09-25 00:39:40.090 [INF] HTTP GET /api/master/get-jobroles responded 200 in 28.5168 ms
2026-09-25 00:40:47.364 [INF] HTTP GET /api/auth/csrf responded 404 in 0.7318 ms
2026-09-25 00:40:47.694 [INF] Gernerate new refresh token- 
2026-09-25 00:40:47.695 [INF] HTTP POST /api/auth/refresh responded 200 in 321.7024 ms
2026-09-25 00:40:47.969 [INF] Workspace List fetched successfully : For Emplyee "08df046f-470d-4db0-8286-3135ffb6f6ce"
2026-09-25 00:40:47.970 [INF] HTTP GET /api/auth/get-workspace responded 200 in 253.2302 ms
2026-09-25 00:40:49.679 [INF] Workspace selection successfuly open - "c84c9fae-750c-4327-b3fd-338517be8161"
2026-09-25 00:40:49.679 [INF] HTTP POST /api/auth/select-workspace responded 200 in 154.3064 ms
2026-09-25 00:40:54.375 [INF] Prospect List fetched successfully : Organization "c84c9fae-750c-4327-b3fd-338517be8161"
2026-09-25 00:40:54.376 [INF] HTTP GET /api/prospects/list responded 200 in 113.1364 ms
2026-09-25 00:40:55.513 [INF] Fetched {Count} Prospect Status 
2026-09-25 00:40:55.578 [INF] HTTP GET /api/master/prospect-status responded 200 in 70.1765 ms
2026-09-25 00:40:55.600 [INF] Fetched {Count} Prospect Temperatures 
2026-09-25 00:40:55.686 [INF] HTTP GET /api/master/temperatures responded 200 in 178.4983 ms
2026-09-25 00:40:55.716 [INF] Prospect  fetched successfully : Organization "c84c9fae-750c-4327-b3fd-338517be8161"
2026-09-25 00:40:55.716 [INF] HTTP GET /api/prospects/6f88cef5-9ba5-4607-b54b-a45e3f61448d responded 200 in 208.5904 ms
2026-09-25 00:42:13.449 [INF] Fetched 10 job roles for organization "c84c9fae-750c-4327-b3fd-338517be8161"
2026-09-25 00:42:13.450 [INF] HTTP GET /api/master/get-jobroles responded 200 in 75.1852 ms
2026-09-25 00:42:45.726 [INF] HTTP GET /api/auth/csrf responded 404 in 0.7895 ms
2026-09-25 00:42:45.987 [INF] Gernerate new refresh token- 
2026-09-25 00:42:45.987 [INF] HTTP POST /api/auth/refresh responded 200 in 230.7246 ms
2026-09-25 00:42:47.100 [INF] Workspace List fetched successfully : For Emplyee "08df046f-470d-4db0-8286-3135ffb6f6ce"
2026-09-25 00:42:47.101 [INF] HTTP GET /api/auth/get-workspace responded 200 in 208.8518 ms
2026-09-25 00:42:49.905 [INF] Workspace selection successfuly open - "c84c9fae-750c-4327-b3fd-338517be8161"
2026-09-25 00:42:49.905 [INF] HTTP POST /api/auth/select-workspace responded 200 in 209.5316 ms
2026-09-25 00:44:29.356 [INF] Prospect List fetched successfully : Organization "c84c9fae-750c-4327-b3fd-338517be8161"
2026-09-25 00:44:29.377 [INF] HTTP GET /api/prospects/list responded 200 in 176.3521 ms
2026-09-25 00:44:31.257 [INF] Fetched {Count} Prospect Status 
2026-09-25 00:44:31.299 [INF] HTTP GET /api/master/prospect-status responded 200 in 343.6245 ms
2026-09-25 00:44:31.304 [INF] Fetched {Count} Prospect Temperatures 
2026-09-25 00:44:31.325 [INF] HTTP GET /api/master/temperatures responded 200 in 282.5625 ms
2026-09-25 00:44:31.335 [INF] Prospect  fetched successfully : Organization "c84c9fae-750c-4327-b3fd-338517be8161"
2026-09-25 00:44:31.343 [INF] HTTP GET /api/prospects/6f88cef5-9ba5-4607-b54b-a45e3f61448d responded 200 in 391.8206 ms
2026-09-25 00:44:33.255 [INF] Fetched 10 job roles for organization "c84c9fae-750c-4327-b3fd-338517be8161"
2026-09-25 00:44:33.255 [INF] HTTP GET /api/master/get-jobroles responded 200 in 27.4325 ms
2026-09-25 00:45:24.907 [INF] Fetched 10 job roles for organization "c84c9fae-750c-4327-b3fd-338517be8161"
2026-09-25 00:45:24.907 [INF] HTTP GET /api/master/get-jobroles responded 200 in 28.6476 ms
2026-09-25 00:47:44.399 [INF] Fetched 10 job roles for organization "c84c9fae-750c-4327-b3fd-338517be8161"
2026-09-25 00:47:44.400 [INF] HTTP GET /api/master/get-jobroles responded 200 in 131.0561 ms
2026-09-25 00:50:36.353 [INF] Fetched 10 job roles for organization "c84c9fae-750c-4327-b3fd-338517be8161"
2026-09-25 00:50:36.375 [INF] HTTP GET /api/master/get-jobroles responded 200 in 115.3437 ms
2026-09-25 00:52:25.676 [INF] Fetched 10 job roles for organization "c84c9fae-750c-4327-b3fd-338517be8161"
2026-09-25 00:52:25.677 [INF] HTTP GET /api/master/get-jobroles responded 200 in 111.8032 ms
2026-09-25 00:53:40.196 [INF] HTTP GET /api/auth/csrf responded 404 in 0.7531 ms
2026-09-25 00:53:40.375 [INF] Gernerate new refresh token- 
2026-09-25 00:53:40.375 [INF] HTTP POST /api/auth/refresh responded 200 in 171.4600 ms
2026-09-25 00:53:40.478 [INF] Workspace List fetched successfully : For Emplyee "08df046f-470d-4db0-8286-3135ffb6f6ce"
2026-09-25 00:53:40.479 [INF] HTTP GET /api/auth/get-workspace responded 200 in 83.3324 ms
2026-09-25 00:55:20.357 [INF] Fetched 10 job roles for organization "c84c9fae-750c-4327-b3fd-338517be8161"
2026-09-25 00:55:20.360 [INF] HTTP GET /api/master/get-jobroles responded 200 in 94.5989 ms
2026-09-25 01:03:11.375 [INF] Starting database seeding process...
2026-09-25 01:03:12.755 [INF] Seeding Super Admin user: codedev90@gmail.com
2026-09-25 01:03:12.941 [INF] Super Admin user already exists.
2026-09-25 01:03:13.317 [INF] Super Application Role already has all permisson
2026-09-25 01:03:13.419 [INF] Super Admin user created successfully.
2026-09-25 01:03:13.623 [WRN] The ASP.NET Core developer certificate is not trusted. For information about trusting the ASP.NET Core developer certificate, see https://aka.ms/aspnet/https-trust-dev-cert.
2026-09-25 01:09:04.308 [INF] Starting database seeding process...
2026-09-25 01:09:05.847 [INF] Seeding Super Admin user: codedev90@gmail.com
2026-09-25 01:09:05.965 [INF] Super Admin user already exists.
2026-09-25 01:09:06.331 [INF] Super Application Role already has all permisson
2026-09-25 01:09:06.465 [INF] Super Admin user created successfully.
2026-09-25 01:09:06.666 [WRN] The ASP.NET Core developer certificate is not trusted. For information about trusting the ASP.NET Core developer certificate, see https://aka.ms/aspnet/https-trust-dev-cert.
2026-09-25 01:09:53.519 [WRN] You do not have a valid license key for the Lucky Penny software MediatR. This is allowed for development and testing scenarios. If you are running in production you are required to have a licensed version. Please visit https://luckypennysoftware.com to obtain a valid license.
2026-09-25 01:09:53.651 [INF] Fetched 10 job roles for organization "c84c9fae-750c-4327-b3fd-338517be8161"
2026-09-25 01:09:53.724 [INF] HTTP GET /api/master/get-jobroles responded 200 in 366.3591 ms
2026-09-25 01:10:15.993 [INF] HTTP GET /api/auth/csrf responded 404 in 3.6054 ms
2026-09-25 01:10:16.300 [WRN] Refresh token Rotation failed: Token not found 8nH_CGxEMbwr7Ef3uiQgO2CVTVsg9HDuQlkKY6peJjditVxRmg0MiENkLea8epVgJBS0NBzcgIqUb6vFcmavig
2026-09-25 01:10:16.303 [INF] HTTP POST /api/auth/refresh responded 400 in 292.4661 ms
2026-09-25 01:10:20.251 [INF] Login Successfully, Employee : "08df046f-470d-4db0-8286-3135ffb6f6ce" , UserId :c8bf23af-b2a7-4b83-a995-8a86dcf7217c
2026-09-25 01:10:20.253 [INF] HTTP POST /api/auth/login responded 200 in 837.7520 ms
2026-09-25 01:10:20.899 [INF] Workspace List fetched successfully : For Emplyee "08df046f-470d-4db0-8286-3135ffb6f6ce"
2026-09-25 01:10:20.902 [INF] HTTP GET /api/auth/get-workspace responded 200 in 581.1284 ms
2026-09-25 01:10:23.027 [INF] Workspace selection successfuly open - "c84c9fae-750c-4327-b3fd-338517be8161"
2026-09-25 01:10:23.028 [INF] HTTP POST /api/auth/select-workspace responded 200 in 475.5125 ms
2026-09-25 01:10:29.229 [WRN] You do not have a valid license key for the Lucky Penny software AutoMapper. This is allowed for development and testing scenarios. If you are running in production you are required to have a licensed version. Please visit https://luckypennysoftware.com to obtain a valid license.
2026-09-25 01:10:29.417 [INF] Prospect List fetched successfully : Organization "c84c9fae-750c-4327-b3fd-338517be8161"
2026-09-25 01:10:29.425 [INF] HTTP GET /api/prospects/list responded 200 in 330.3756 ms
2026-09-25 01:10:31.540 [INF] Fetched {Count} Prospect Temperatures 
2026-09-25 01:10:31.696 [INF] Fetched {Count} Prospect Status 
2026-09-25 01:10:31.781 [INF] HTTP GET /api/master/temperatures responded 200 in 880.9072 ms
2026-09-25 01:10:31.802 [INF] HTTP GET /api/master/prospect-status responded 200 in 902.1156 ms
2026-09-25 01:10:31.926 [INF] Prospect  fetched successfully : Organization "c84c9fae-750c-4327-b3fd-338517be8161"
2026-09-25 01:10:31.932 [INF] HTTP GET /api/prospects/6f88cef5-9ba5-4607-b54b-a45e3f61448d responded 200 in 1040.0890 ms
2026-09-25 01:10:34.429 [INF] Fetched 10 job roles for organization "c84c9fae-750c-4327-b3fd-338517be8161"
2026-09-25 01:10:34.429 [INF] HTTP GET /api/master/get-jobroles responded 200 in 72.9838 ms
2026-09-25 01:11:16.226 [INF] Fetched 10 job roles for organization "c84c9fae-750c-4327-b3fd-338517be8161"
2026-09-25 01:11:16.227 [INF] HTTP GET /api/master/get-jobroles responded 200 in 196.0302 ms
2026-09-25 01:11:53.259 [INF] Fetched 10 job roles for organization "c84c9fae-750c-4327-b3fd-338517be8161"
2026-09-25 01:11:53.260 [INF] HTTP GET /api/master/get-jobroles responded 200 in 213.1087 ms
2026-09-25 01:13:20.883 [INF] Fetched 10 job roles for organization "c84c9fae-750c-4327-b3fd-338517be8161"
2026-09-25 01:13:20.884 [INF] HTTP GET /api/master/get-jobroles responded 200 in 132.8859 ms
2026-09-25 01:14:07.485 [INF] Fetched 10 job roles for organization "c84c9fae-750c-4327-b3fd-338517be8161"
2026-09-25 01:14:07.506 [INF] HTTP GET /api/master/get-jobroles responded 200 in 237.3332 ms
2026-09-25 01:15:40.984 [INF] Prospect List fetched successfully : Organization "c84c9fae-750c-4327-b3fd-338517be8161"
2026-09-25 01:15:40.985 [INF] HTTP GET /api/prospects/list responded 200 in 183.6943 ms
2026-09-25 01:20:54.037 [INF] Fetched {Count} Prospect Temperatures 
2026-09-25 01:20:54.038 [INF] Fetched {Count} Prospect Status 
2026-09-25 01:20:54.059 [INF] HTTP GET /api/master/temperatures responded 200 in 553.4790 ms
2026-09-25 01:20:54.059 [INF] HTTP GET /api/master/prospect-status responded 200 in 554.0664 ms
2026-09-25 01:20:54.214 [INF] Prospect  fetched successfully : Organization "c84c9fae-750c-4327-b3fd-338517be8161"
2026-09-25 01:20:54.215 [INF] HTTP GET /api/prospects/6f88cef5-9ba5-4607-b54b-a45e3f61448d responded 200 in 730.3785 ms
2026-09-25 01:20:55.606 [INF] Fetched 10 job roles for organization "c84c9fae-750c-4327-b3fd-338517be8161"
2026-09-25 01:20:55.607 [INF] HTTP GET /api/master/get-jobroles responded 200 in 49.1760 ms
2026-09-25 01:22:36.141 [ERR] HTTP POST /api/contact responded 500 in 372.8800 ms
2026-09-25 01:23:40.613 [ERR] HTTP POST /api/contact responded 500 in 40401.8574 ms
2026-09-25 01:24:31.378 [INF] Fetched 10 job roles for organization "c84c9fae-750c-4327-b3fd-338517be8161"
2026-09-25 01:24:31.380 [INF] HTTP GET /api/master/get-jobroles responded 200 in 97.7788 ms
2026-09-25 01:26:57.771 [ERR] HTTP POST /api/contact responded 500 in 128183.5194 ms
2026-09-25 01:26:57.967 [INF] Fetched 10 job roles for organization "c84c9fae-750c-4327-b3fd-338517be8161"
2026-09-25 01:26:57.967 [INF] HTTP GET /api/master/get-jobroles responded 200 in 638.8621 ms
2026-09-25 01:28:53.547 [ERR] HTTP POST /api/contact responded 500 in 112237.5208 ms
2026-09-25 01:29:01.910 [ERR] HTTP POST /api/contact responded 500 in 2691.2715 ms
2026-09-25 01:29:32.357 [ERR] HTTP POST /api/contact responded 500 in 2331.9464 ms
2026-09-25 01:31:47.116 [ERR] HTTP POST /api/contact responded 500 in 99649.2207 ms
2026-09-25 01:32:44.116 [INF] Starting database seeding process...
2026-09-25 01:32:45.584 [INF] Seeding Super Admin user: codedev90@gmail.com
2026-09-25 01:32:45.750 [INF] Super Admin user already exists.
2026-09-25 01:32:46.232 [INF] Super Application Role already has all permisson
2026-09-25 01:32:46.387 [INF] Super Admin user created successfully.
2026-09-25 01:32:46.513 [WRN] The ASP.NET Core developer certificate is not trusted. For information about trusting the ASP.NET Core developer certificate, see https://aka.ms/aspnet/https-trust-dev-cert.
2026-09-25 01:33:08.718 [WRN] You do not have a valid license key for the Lucky Penny software MediatR. This is allowed for development and testing scenarios. If you are running in production you are required to have a licensed version. Please visit https://luckypennysoftware.com to obtain a valid license.
2026-09-25 01:34:55.197 [INF] Contact created successful : "00000000-0000-0000-0000-000000000000"
2026-09-25 01:34:55.296 [ERR] HTTP POST /api/contact responded 500 in 106694.5305 ms
2026-09-25 01:35:44.776 [INF] Starting database seeding process...
2026-09-25 01:35:46.344 [INF] Seeding Super Admin user: codedev90@gmail.com
2026-09-25 01:35:46.526 [INF] Super Admin user already exists.
2026-09-25 01:35:46.910 [INF] Super Application Role already has all permisson
2026-09-25 01:35:47.060 [INF] Super Admin user created successfully.
2026-09-25 01:35:47.183 [WRN] The ASP.NET Core developer certificate is not trusted. For information about trusting the ASP.NET Core developer certificate, see https://aka.ms/aspnet/https-trust-dev-cert.
2026-09-25 01:35:59.982 [WRN] You do not have a valid license key for the Lucky Penny software MediatR. This is allowed for development and testing scenarios. If you are running in production you are required to have a licensed version. Please visit https://luckypennysoftware.com to obtain a valid license.
2026-09-25 01:36:04.054 [INF] Contact created successful : "6f88cef5-9ba5-4607-b54b-a45e3f61448d"
2026-09-25 01:36:04.103 [ERR] HTTP POST /api/contact responded 500 in 4243.3948 ms
2026-09-25 01:38:07.147 [INF] Contact created successful : "6f88cef5-9ba5-4607-b54b-a45e3f61448d"
2026-09-25 01:38:53.351 [ERR] HTTP POST /api/contact responded 500 in 156737.7128 ms
2026-09-25 01:40:22.734 [INF] Starting database seeding process...
2026-09-25 01:40:24.244 [INF] Seeding Super Admin user: codedev90@gmail.com
2026-09-25 01:40:24.342 [INF] Super Admin user already exists.
2026-09-25 01:40:24.826 [INF] Super Application Role already has all permisson
2026-09-25 01:40:25.029 [INF] Super Admin user created successfully.
2026-09-25 01:40:25.235 [WRN] The ASP.NET Core developer certificate is not trusted. For information about trusting the ASP.NET Core developer certificate, see https://aka.ms/aspnet/https-trust-dev-cert.
2026-09-25 01:40:36.150 [WRN] You do not have a valid license key for the Lucky Penny software MediatR. This is allowed for development and testing scenarios. If you are running in production you are required to have a licensed version. Please visit https://luckypennysoftware.com to obtain a valid license.
2026-09-25 01:40:37.003 [ERR] Failed executing DbCommand (7ms) [Parameters=[@p0='?' (DbType = Guid), @p1='?' (DbType = DateTime), @p2='?' (DbType = Guid), @p3='?' (Size = 4000), @p4='?' (Size = 4000), @p5='?' (Size = 4000), @p6='?' (DbType = Boolean), @p7='?' (DbType = Guid), @p8='?' (Size = 4000), @p9='?' (Size = 4000), @p10='?' (DbType = Guid), @p11='?' (Size = 4000), @p12='?' (DbType = Guid), @p13='?' (DbType = DateTime), @p14='?' (DbType = Guid), @p15='?' (DbType = Guid), @p16='?' (DbType = DateTime), @p17='?' (DbType = Guid), @p18='?' (DbType = Int32), @p19='?' (Size = 4000), @p20='?' (DbType = DateTime), @p21='?' (DbType = Guid), @p22='?' (DbType = Guid), @p23='?' (DbType = Guid), @p24='?' (DbType = Int32), @p25='?' (Size = 2000), @p26='?' (Size = 500)], CommandType='"Text"', CommandTimeout='30']
INSERT INTO `Contacts` (`Id`, `CreatedAt`, `CreatedById`, `Designation`, `Email`, `FirstName`, `IsPrimary`, `JobRoleId`, `LastName`, `Notes`, `OrganizationId`, `PhoneNumber`, `ProspectId`, `UpdateAt`, `UpdatedById`)
VALUES (@p0, @p1, @p2, @p3, @p4, @p5, @p6, @p7, @p8, @p9, @p10, @p11, @p12, @p13, @p14);
INSERT INTO `ProspectTimeLines` (`Id`, `CreatedAt`, `EmployeeId`, `EventType`, `Metadata`, `OccurredAt`, `OrganizationId`, `ProspectId`, `SourceEntityId`, `SourceEntityType`, `Summary`, `Title`)
VALUES (@p15, @p16, @p17, @p18, @p19, @p20, @p21, @p22, @p23, @p24, @p25, @p26);
2026-09-25 01:40:37.111 [ERR] An exception occurred in the database while saving changes for context type 'Adveshta.DataAccess.Data.ApplicationDbContext'.
Microsoft.EntityFrameworkCore.DbUpdateException: An error occurred while saving the entity changes. See the inner exception for details.
 ---> MySqlConnector.MySqlException (0x80004005): Cannot add or update a child row: a foreign key constraint fails (`AegisDb`.`Contacts`, CONSTRAINT `FK_Contacts_Organizations_OrganizationId` FOREIGN KEY (`OrganizationId`) REFERENCES `Organizations` (`Id`) ON DELETE CASCADE)
   at MySqlConnector.Core.ServerSession.ReceiveReplyAsync(IOBehavior ioBehavior, CancellationToken cancellationToken) in /_/src/MySqlConnector/Core/ServerSession.cs:line 894
   at MySqlConnector.Core.ResultSet.ReadResultSetHeaderAsync(IOBehavior ioBehavior) in /_/src/MySqlConnector/Core/ResultSet.cs:line 37
   at MySqlConnector.MySqlDataReader.ActivateResultSet(CancellationToken cancellationToken) in /_/src/MySqlConnector/MySqlDataReader.cs:line 130
   at MySqlConnector.MySqlDataReader.InitAsync(CommandListPosition commandListPosition, ICommandPayloadCreator payloadCreator, IDictionary`2 cachedProcedures, IMySqlCommand command, CommandBehavior behavior, Activity activity, IOBehavior ioBehavior, CancellationToken cancellationToken) in /_/src/MySqlConnector/MySqlDataReader.cs:line 483
   at MySqlConnector.Core.CommandExecutor.ExecuteReaderAsync(CommandListPosition commandListPosition, ICommandPayloadCreator payloadCreator, CommandBehavior behavior, Activity activity, IOBehavior ioBehavior, CancellationToken cancellationToken) in /_/src/MySqlConnector/Core/CommandExecutor.cs:line 56
   at MySqlConnector.MySqlCommand.ExecuteReaderAsync(CommandBehavior behavior, IOBehavior ioBehavior, CancellationToken cancellationToken) in /_/src/MySqlConnector/MySqlCommand.cs:line 357
   at MySqlConnector.MySqlCommand.ExecuteDbDataReaderAsync(CommandBehavior behavior, CancellationToken cancellationToken) in /_/src/MySqlConnector/MySqlCommand.cs:line 350
   at Microsoft.EntityFrameworkCore.Storage.RelationalCommand.ExecuteReaderAsync(RelationalCommandParameterObject parameterObject, CancellationToken cancellationToken)
   at Microsoft.EntityFrameworkCore.Storage.RelationalCommand.ExecuteReaderAsync(RelationalCommandParameterObject parameterObject, CancellationToken cancellationToken)
   at Microsoft.EntityFrameworkCore.Update.ReaderModificationCommandBatch.ExecuteAsync(IRelationalConnection connection, CancellationToken cancellationToken)
   --- End of inner exception stack trace ---
   at Microsoft.EntityFrameworkCore.Update.ReaderModificationCommandBatch.ExecuteAsync(IRelationalConnection connection, CancellationToken cancellationToken)
   at Microsoft.EntityFrameworkCore.Update.Internal.BatchExecutor.ExecuteAsync(IEnumerable`1 commandBatches, IRelationalConnection connection, CancellationToken cancellationToken)
   at Microsoft.EntityFrameworkCore.Update.Internal.BatchExecutor.ExecuteAsync(IEnumerable`1 commandBatches, IRelationalConnection connection, CancellationToken cancellationToken)
   at Microsoft.EntityFrameworkCore.Update.Internal.BatchExecutor.ExecuteAsync(IEnumerable`1 commandBatches, IRelationalConnection connection, CancellationToken cancellationToken)
   at Microsoft.EntityFrameworkCore.ChangeTracking.Internal.StateManager.SaveChangesAsync(IList`1 entriesToSave, CancellationToken cancellationToken)
   at Microsoft.EntityFrameworkCore.ChangeTracking.Internal.StateManager.SaveChangesAsync(StateManager stateManager, Boolean acceptAllChangesOnSuccess, CancellationToken cancellationToken)
   at Pomelo.EntityFrameworkCore.MySql.Storage.Internal.MySqlExecutionStrategy.ExecuteAsync[TState,TResult](TState state, Func`4 operation, Func`4 verifySucceeded, CancellationToken cancellationToken)
   at Microsoft.EntityFrameworkCore.DbContext.SaveChangesAsync(Boolean acceptAllChangesOnSuccess, CancellationToken cancellationToken)
Microsoft.EntityFrameworkCore.DbUpdateException: An error occurred while saving the entity changes. See the inner exception for details.
 ---> MySqlConnector.MySqlException (0x80004005): Cannot add or update a child row: a foreign key constraint fails (`AegisDb`.`Contacts`, CONSTRAINT `FK_Contacts_Organizations_OrganizationId` FOREIGN KEY (`OrganizationId`) REFERENCES `Organizations` (`Id`) ON DELETE CASCADE)
   at MySqlConnector.Core.ServerSession.ReceiveReplyAsync(IOBehavior ioBehavior, CancellationToken cancellationToken) in /_/src/MySqlConnector/Core/ServerSession.cs:line 894
   at MySqlConnector.Core.ResultSet.ReadResultSetHeaderAsync(IOBehavior ioBehavior) in /_/src/MySqlConnector/Core/ResultSet.cs:line 37
   at MySqlConnector.MySqlDataReader.ActivateResultSet(CancellationToken cancellationToken) in /_/src/MySqlConnector/MySqlDataReader.cs:line 130
   at MySqlConnector.MySqlDataReader.InitAsync(CommandListPosition commandListPosition, ICommandPayloadCreator payloadCreator, IDictionary`2 cachedProcedures, IMySqlCommand command, CommandBehavior behavior, Activity activity, IOBehavior ioBehavior, CancellationToken cancellationToken) in /_/src/MySqlConnector/MySqlDataReader.cs:line 483
   at MySqlConnector.Core.CommandExecutor.ExecuteReaderAsync(CommandListPosition commandListPosition, ICommandPayloadCreator payloadCreator, CommandBehavior behavior, Activity activity, IOBehavior ioBehavior, CancellationToken cancellationToken) in /_/src/MySqlConnector/Core/CommandExecutor.cs:line 56
   at MySqlConnector.MySqlCommand.ExecuteReaderAsync(CommandBehavior behavior, IOBehavior ioBehavior, CancellationToken cancellationToken) in /_/src/MySqlConnector/MySqlCommand.cs:line 357
   at MySqlConnector.MySqlCommand.ExecuteDbDataReaderAsync(CommandBehavior behavior, CancellationToken cancellationToken) in /_/src/MySqlConnector/MySqlCommand.cs:line 350
   at Microsoft.EntityFrameworkCore.Storage.RelationalCommand.ExecuteReaderAsync(RelationalCommandParameterObject parameterObject, CancellationToken cancellationToken)
   at Microsoft.EntityFrameworkCore.Storage.RelationalCommand.ExecuteReaderAsync(RelationalCommandParameterObject parameterObject, CancellationToken cancellationToken)
   at Microsoft.EntityFrameworkCore.Update.ReaderModificationCommandBatch.ExecuteAsync(IRelationalConnection connection, CancellationToken cancellationToken)
   --- End of inner exception stack trace ---
   at Microsoft.EntityFrameworkCore.Update.ReaderModificationCommandBatch.ExecuteAsync(IRelationalConnection connection, CancellationToken cancellationToken)
   at Microsoft.EntityFrameworkCore.Update.Internal.BatchExecutor.ExecuteAsync(IEnumerable`1 commandBatches, IRelationalConnection connection, CancellationToken cancellationToken)
   at Microsoft.EntityFrameworkCore.Update.Internal.BatchExecutor.ExecuteAsync(IEnumerable`1 commandBatches, IRelationalConnection connection, CancellationToken cancellationToken)
   at Microsoft.EntityFrameworkCore.Update.Internal.BatchExecutor.ExecuteAsync(IEnumerable`1 commandBatches, IRelationalConnection connection, CancellationToken cancellationToken)
   at Microsoft.EntityFrameworkCore.ChangeTracking.Internal.StateManager.SaveChangesAsync(IList`1 entriesToSave, CancellationToken cancellationToken)
   at Microsoft.EntityFrameworkCore.ChangeTracking.Internal.StateManager.SaveChangesAsync(StateManager stateManager, Boolean acceptAllChangesOnSuccess, CancellationToken cancellationToken)
   at Pomelo.EntityFrameworkCore.MySql.Storage.Internal.MySqlExecutionStrategy.ExecuteAsync[TState,TResult](TState state, Func`4 operation, Func`4 verifySucceeded, CancellationToken cancellationToken)
   at Microsoft.EntityFrameworkCore.DbContext.SaveChangesAsync(Boolean acceptAllChangesOnSuccess, CancellationToken cancellationToken)
   at Microsoft.EntityFrameworkCore.DbContext.SaveChangesAsync(Boolean acceptAllChangesOnSuccess, CancellationToken cancellationToken)
   at Adveshta.Services.Features.ContactManagement.CreateContact.CreateContactHandler.Handle(CreateContactCommand request, CancellationToken cancellationToken) in /home/admin1/Projects/Adveshta/Adveshta.Services/Features/ContactManagement/CreateContact.cs:line 94
2026-09-25 01:40:37.195 [ERR] Contact creation failed : Microsoft.EntityFrameworkCore.DbUpdateException: An error occurred while saving the entity changes. See the inner exception for details.
 ---> MySqlConnector.MySqlException (0x80004005): Cannot add or update a child row: a foreign key constraint fails (`AegisDb`.`Contacts`, CONSTRAINT `FK_Contacts_Organizations_OrganizationId` FOREIGN KEY (`OrganizationId`) REFERENCES `Organizations` (`Id`) ON DELETE CASCADE)
   at MySqlConnector.Core.ServerSession.ReceiveReplyAsync(IOBehavior ioBehavior, CancellationToken cancellationToken) in /_/src/MySqlConnector/Core/ServerSession.cs:line 894
   at MySqlConnector.Core.ResultSet.ReadResultSetHeaderAsync(IOBehavior ioBehavior) in /_/src/MySqlConnector/Core/ResultSet.cs:line 37
   at MySqlConnector.MySqlDataReader.ActivateResultSet(CancellationToken cancellationToken) in /_/src/MySqlConnector/MySqlDataReader.cs:line 130
   at MySqlConnector.MySqlDataReader.InitAsync(CommandListPosition commandListPosition, ICommandPayloadCreator payloadCreator, IDictionary`2 cachedProcedures, IMySqlCommand command, CommandBehavior behavior, Activity activity, IOBehavior ioBehavior, CancellationToken cancellationToken) in /_/src/MySqlConnector/MySqlDataReader.cs:line 483
   at MySqlConnector.Core.CommandExecutor.ExecuteReaderAsync(CommandListPosition commandListPosition, ICommandPayloadCreator payloadCreator, CommandBehavior behavior, Activity activity, IOBehavior ioBehavior, CancellationToken cancellationToken) in /_/src/MySqlConnector/Core/CommandExecutor.cs:line 56
   at MySqlConnector.MySqlCommand.ExecuteReaderAsync(CommandBehavior behavior, IOBehavior ioBehavior, CancellationToken cancellationToken) in /_/src/MySqlConnector/MySqlCommand.cs:line 357
   at MySqlConnector.MySqlCommand.ExecuteDbDataReaderAsync(CommandBehavior behavior, CancellationToken cancellationToken) in /_/src/MySqlConnector/MySqlCommand.cs:line 350
   at Microsoft.EntityFrameworkCore.Storage.RelationalCommand.ExecuteReaderAsync(RelationalCommandParameterObject parameterObject, CancellationToken cancellationToken)
   at Microsoft.EntityFrameworkCore.Storage.RelationalCommand.ExecuteReaderAsync(RelationalCommandParameterObject parameterObject, CancellationToken cancellationToken)
   at Microsoft.EntityFrameworkCore.Update.ReaderModificationCommandBatch.ExecuteAsync(IRelationalConnection connection, CancellationToken cancellationToken)
   --- End of inner exception stack trace ---
   at Microsoft.EntityFrameworkCore.Update.ReaderModificationCommandBatch.ExecuteAsync(IRelationalConnection connection, CancellationToken cancellationToken)
   at Microsoft.EntityFrameworkCore.Update.Internal.BatchExecutor.ExecuteAsync(IEnumerable`1 commandBatches, IRelationalConnection connection, CancellationToken cancellationToken)
   at Microsoft.EntityFrameworkCore.Update.Internal.BatchExecutor.ExecuteAsync(IEnumerable`1 commandBatches, IRelationalConnection connection, CancellationToken cancellationToken)
   at Microsoft.EntityFrameworkCore.Update.Internal.BatchExecutor.ExecuteAsync(IEnumerable`1 commandBatches, IRelationalConnection connection, CancellationToken cancellationToken)
   at Microsoft.EntityFrameworkCore.ChangeTracking.Internal.StateManager.SaveChangesAsync(IList`1 entriesToSave, CancellationToken cancellationToken)
   at Microsoft.EntityFrameworkCore.ChangeTracking.Internal.StateManager.SaveChangesAsync(StateManager stateManager, Boolean acceptAllChangesOnSuccess, CancellationToken cancellationToken)
   at Pomelo.EntityFrameworkCore.MySql.Storage.Internal.MySqlExecutionStrategy.ExecuteAsync[TState,TResult](TState state, Func`4 operation, Func`4 verifySucceeded, CancellationToken cancellationToken)
   at Microsoft.EntityFrameworkCore.DbContext.SaveChangesAsync(Boolean acceptAllChangesOnSuccess, CancellationToken cancellationToken)
   at Microsoft.EntityFrameworkCore.DbContext.SaveChangesAsync(Boolean acceptAllChangesOnSuccess, CancellationToken cancellationToken)
   at Adveshta.Services.Features.ContactManagement.CreateContact.CreateContactHandler.Handle(CreateContactCommand request, CancellationToken cancellationToken) in /home/admin1/Projects/Adveshta/Adveshta.Services/Features/ContactManagement/CreateContact.cs:line 94
2026-09-25 01:40:37.244 [ERR] HTTP POST /api/contact responded 500 in 1216.3507 ms
2026-09-25 01:41:50.861 [ERR] Failed executing DbCommand (4ms) [Parameters=[@p0='?' (DbType = Guid), @p1='?' (DbType = DateTime), @p2='?' (DbType = Guid), @p3='?' (Size = 4000), @p4='?' (Size = 4000), @p5='?' (Size = 4000), @p6='?' (DbType = Boolean), @p7='?' (DbType = Guid), @p8='?' (Size = 4000), @p9='?' (Size = 4000), @p10='?' (DbType = Guid), @p11='?' (Size = 4000), @p12='?' (DbType = Guid), @p13='?' (DbType = DateTime), @p14='?' (DbType = Guid), @p15='?' (DbType = Guid), @p16='?' (DbType = DateTime), @p17='?' (DbType = Guid), @p18='?' (DbType = Int32), @p19='?' (Size = 4000), @p20='?' (DbType = DateTime), @p21='?' (DbType = Guid), @p22='?' (DbType = Guid), @p23='?' (DbType = Guid), @p24='?' (DbType = Int32), @p25='?' (Size = 2000), @p26='?' (Size = 500)], CommandType='"Text"', CommandTimeout='30']
INSERT INTO `Contacts` (`Id`, `CreatedAt`, `CreatedById`, `Designation`, `Email`, `FirstName`, `IsPrimary`, `JobRoleId`, `LastName`, `Notes`, `OrganizationId`, `PhoneNumber`, `ProspectId`, `UpdateAt`, `UpdatedById`)
VALUES (@p0, @p1, @p2, @p3, @p4, @p5, @p6, @p7, @p8, @p9, @p10, @p11, @p12, @p13, @p14);
INSERT INTO `ProspectTimeLines` (`Id`, `CreatedAt`, `EmployeeId`, `EventType`, `Metadata`, `OccurredAt`, `OrganizationId`, `ProspectId`, `SourceEntityId`, `SourceEntityType`, `Summary`, `Title`)
VALUES (@p15, @p16, @p17, @p18, @p19, @p20, @p21, @p22, @p23, @p24, @p25, @p26);
2026-09-25 01:41:50.889 [ERR] An exception occurred in the database while saving changes for context type 'Adveshta.DataAccess.Data.ApplicationDbContext'.
Microsoft.EntityFrameworkCore.DbUpdateException: An error occurred while saving the entity changes. See the inner exception for details.
 ---> MySqlConnector.MySqlException (0x80004005): Cannot add or update a child row: a foreign key constraint fails (`AegisDb`.`Contacts`, CONSTRAINT `FK_Contacts_Organizations_OrganizationId` FOREIGN KEY (`OrganizationId`) REFERENCES `Organizations` (`Id`) ON DELETE CASCADE)
   at MySqlConnector.Core.ServerSession.ReceiveReplyAsync(IOBehavior ioBehavior, CancellationToken cancellationToken) in /_/src/MySqlConnector/Core/ServerSession.cs:line 894
   at MySqlConnector.Core.ResultSet.ReadResultSetHeaderAsync(IOBehavior ioBehavior) in /_/src/MySqlConnector/Core/ResultSet.cs:line 37
   at MySqlConnector.MySqlDataReader.ActivateResultSet(CancellationToken cancellationToken) in /_/src/MySqlConnector/MySqlDataReader.cs:line 130
   at MySqlConnector.MySqlDataReader.InitAsync(CommandListPosition commandListPosition, ICommandPayloadCreator payloadCreator, IDictionary`2 cachedProcedures, IMySqlCommand command, CommandBehavior behavior, Activity activity, IOBehavior ioBehavior, CancellationToken cancellationToken) in /_/src/MySqlConnector/MySqlDataReader.cs:line 483
   at MySqlConnector.Core.CommandExecutor.ExecuteReaderAsync(CommandListPosition commandListPosition, ICommandPayloadCreator payloadCreator, CommandBehavior behavior, Activity activity, IOBehavior ioBehavior, CancellationToken cancellationToken) in /_/src/MySqlConnector/Core/CommandExecutor.cs:line 56
   at MySqlConnector.MySqlCommand.ExecuteReaderAsync(CommandBehavior behavior, IOBehavior ioBehavior, CancellationToken cancellationToken) in /_/src/MySqlConnector/MySqlCommand.cs:line 357
   at MySqlConnector.MySqlCommand.ExecuteDbDataReaderAsync(CommandBehavior behavior, CancellationToken cancellationToken) in /_/src/MySqlConnector/MySqlCommand.cs:line 350
   at Microsoft.EntityFrameworkCore.Storage.RelationalCommand.ExecuteReaderAsync(RelationalCommandParameterObject parameterObject, CancellationToken cancellationToken)
   at Microsoft.EntityFrameworkCore.Storage.RelationalCommand.ExecuteReaderAsync(RelationalCommandParameterObject parameterObject, CancellationToken cancellationToken)
   at Microsoft.EntityFrameworkCore.Update.ReaderModificationCommandBatch.ExecuteAsync(IRelationalConnection connection, CancellationToken cancellationToken)
   --- End of inner exception stack trace ---
   at Microsoft.EntityFrameworkCore.Update.ReaderModificationCommandBatch.ExecuteAsync(IRelationalConnection connection, CancellationToken cancellationToken)
   at Microsoft.EntityFrameworkCore.Update.Internal.BatchExecutor.ExecuteAsync(IEnumerable`1 commandBatches, IRelationalConnection connection, CancellationToken cancellationToken)
   at Microsoft.EntityFrameworkCore.Update.Internal.BatchExecutor.ExecuteAsync(IEnumerable`1 commandBatches, IRelationalConnection connection, CancellationToken cancellationToken)
   at Microsoft.EntityFrameworkCore.Update.Internal.BatchExecutor.ExecuteAsync(IEnumerable`1 commandBatches, IRelationalConnection connection, CancellationToken cancellationToken)
   at Microsoft.EntityFrameworkCore.ChangeTracking.Internal.StateManager.SaveChangesAsync(IList`1 entriesToSave, CancellationToken cancellationToken)
   at Microsoft.EntityFrameworkCore.ChangeTracking.Internal.StateManager.SaveChangesAsync(StateManager stateManager, Boolean acceptAllChangesOnSuccess, CancellationToken cancellationToken)
   at Pomelo.EntityFrameworkCore.MySql.Storage.Internal.MySqlExecutionStrategy.ExecuteAsync[TState,TResult](TState state, Func`4 operation, Func`4 verifySucceeded, CancellationToken cancellationToken)
   at Microsoft.EntityFrameworkCore.DbContext.SaveChangesAsync(Boolean acceptAllChangesOnSuccess, CancellationToken cancellationToken)
Microsoft.EntityFrameworkCore.DbUpdateException: An error occurred while saving the entity changes. See the inner exception for details.
 ---> MySqlConnector.MySqlException (0x80004005): Cannot add or update a child row: a foreign key constraint fails (`AegisDb`.`Contacts`, CONSTRAINT `FK_Contacts_Organizations_OrganizationId` FOREIGN KEY (`OrganizationId`) REFERENCES `Organizations` (`Id`) ON DELETE CASCADE)
   at MySqlConnector.Core.ServerSession.ReceiveReplyAsync(IOBehavior ioBehavior, CancellationToken cancellationToken) in /_/src/MySqlConnector/Core/ServerSession.cs:line 894
   at MySqlConnector.Core.ResultSet.ReadResultSetHeaderAsync(IOBehavior ioBehavior) in /_/src/MySqlConnector/Core/ResultSet.cs:line 37
   at MySqlConnector.MySqlDataReader.ActivateResultSet(CancellationToken cancellationToken) in /_/src/MySqlConnector/MySqlDataReader.cs:line 130
   at MySqlConnector.MySqlDataReader.InitAsync(CommandListPosition commandListPosition, ICommandPayloadCreator payloadCreator, IDictionary`2 cachedProcedures, IMySqlCommand command, CommandBehavior behavior, Activity activity, IOBehavior ioBehavior, CancellationToken cancellationToken) in /_/src/MySqlConnector/MySqlDataReader.cs:line 483
   at MySqlConnector.Core.CommandExecutor.ExecuteReaderAsync(CommandListPosition commandListPosition, ICommandPayloadCreator payloadCreator, CommandBehavior behavior, Activity activity, IOBehavior ioBehavior, CancellationToken cancellationToken) in /_/src/MySqlConnector/Core/CommandExecutor.cs:line 56
   at MySqlConnector.MySqlCommand.ExecuteReaderAsync(CommandBehavior behavior, IOBehavior ioBehavior, CancellationToken cancellationToken) in /_/src/MySqlConnector/MySqlCommand.cs:line 357
   at MySqlConnector.MySqlCommand.ExecuteDbDataReaderAsync(CommandBehavior behavior, CancellationToken cancellationToken) in /_/src/MySqlConnector/MySqlCommand.cs:line 350
   at Microsoft.EntityFrameworkCore.Storage.RelationalCommand.ExecuteReaderAsync(RelationalCommandParameterObject parameterObject, CancellationToken cancellationToken)
   at Microsoft.EntityFrameworkCore.Storage.RelationalCommand.ExecuteReaderAsync(RelationalCommandParameterObject parameterObject, CancellationToken cancellationToken)
   at Microsoft.EntityFrameworkCore.Update.ReaderModificationCommandBatch.ExecuteAsync(IRelationalConnection connection, CancellationToken cancellationToken)
   --- End of inner exception stack trace ---
   at Microsoft.EntityFrameworkCore.Update.ReaderModificationCommandBatch.ExecuteAsync(IRelationalConnection connection, CancellationToken cancellationToken)
   at Microsoft.EntityFrameworkCore.Update.Internal.BatchExecutor.ExecuteAsync(IEnumerable`1 commandBatches, IRelationalConnection connection, CancellationToken cancellationToken)
   at Microsoft.EntityFrameworkCore.Update.Internal.BatchExecutor.ExecuteAsync(IEnumerable`1 commandBatches, IRelationalConnection connection, CancellationToken cancellationToken)
   at Microsoft.EntityFrameworkCore.Update.Internal.BatchExecutor.ExecuteAsync(IEnumerable`1 commandBatches, IRelationalConnection connection, CancellationToken cancellationToken)
   at Microsoft.EntityFrameworkCore.ChangeTracking.Internal.StateManager.SaveChangesAsync(IList`1 entriesToSave, CancellationToken cancellationToken)
   at Microsoft.EntityFrameworkCore.ChangeTracking.Internal.StateManager.SaveChangesAsync(StateManager stateManager, Boolean acceptAllChangesOnSuccess, CancellationToken cancellationToken)
   at Pomelo.EntityFrameworkCore.MySql.Storage.Internal.MySqlExecutionStrategy.ExecuteAsync[TState,TResult](TState state, Func`4 operation, Func`4 verifySucceeded, CancellationToken cancellationToken)
   at Microsoft.EntityFrameworkCore.DbContext.SaveChangesAsync(Boolean acceptAllChangesOnSuccess, CancellationToken cancellationToken)
   at Microsoft.EntityFrameworkCore.DbContext.SaveChangesAsync(Boolean acceptAllChangesOnSuccess, CancellationToken cancellationToken)
   at Adveshta.Services.Features.ContactManagement.CreateContact.CreateContactHandler.Handle(CreateContactCommand request, CancellationToken cancellationToken) in /home/admin1/Projects/Adveshta/Adveshta.Services/Features/ContactManagement/CreateContact.cs:line 94
2026-09-25 01:41:50.965 [ERR] Contact creation failed : Microsoft.EntityFrameworkCore.DbUpdateException: An error occurred while saving the entity changes. See the inner exception for details.
 ---> MySqlConnector.MySqlException (0x80004005): Cannot add or update a child row: a foreign key constraint fails (`AegisDb`.`Contacts`, CONSTRAINT `FK_Contacts_Organizations_OrganizationId` FOREIGN KEY (`OrganizationId`) REFERENCES `Organizations` (`Id`) ON DELETE CASCADE)
   at MySqlConnector.Core.ServerSession.ReceiveReplyAsync(IOBehavior ioBehavior, CancellationToken cancellationToken) in /_/src/MySqlConnector/Core/ServerSession.cs:line 894
   at MySqlConnector.Core.ResultSet.ReadResultSetHeaderAsync(IOBehavior ioBehavior) in /_/src/MySqlConnector/Core/ResultSet.cs:line 37
   at MySqlConnector.MySqlDataReader.ActivateResultSet(CancellationToken cancellationToken) in /_/src/MySqlConnector/MySqlDataReader.cs:line 130
   at MySqlConnector.MySqlDataReader.InitAsync(CommandListPosition commandListPosition, ICommandPayloadCreator payloadCreator, IDictionary`2 cachedProcedures, IMySqlCommand command, CommandBehavior behavior, Activity activity, IOBehavior ioBehavior, CancellationToken cancellationToken) in /_/src/MySqlConnector/MySqlDataReader.cs:line 483
   at MySqlConnector.Core.CommandExecutor.ExecuteReaderAsync(CommandListPosition commandListPosition, ICommandPayloadCreator payloadCreator, CommandBehavior behavior, Activity activity, IOBehavior ioBehavior, CancellationToken cancellationToken) in /_/src/MySqlConnector/Core/CommandExecutor.cs:line 56
   at MySqlConnector.MySqlCommand.ExecuteReaderAsync(CommandBehavior behavior, IOBehavior ioBehavior, CancellationToken cancellationToken) in /_/src/MySqlConnector/MySqlCommand.cs:line 357
   at MySqlConnector.MySqlCommand.ExecuteDbDataReaderAsync(CommandBehavior behavior, CancellationToken cancellationToken) in /_/src/MySqlConnector/MySqlCommand.cs:line 350
   at Microsoft.EntityFrameworkCore.Storage.RelationalCommand.ExecuteReaderAsync(RelationalCommandParameterObject parameterObject, CancellationToken cancellationToken)
   at Microsoft.EntityFrameworkCore.Storage.RelationalCommand.ExecuteReaderAsync(RelationalCommandParameterObject parameterObject, CancellationToken cancellationToken)
   at Microsoft.EntityFrameworkCore.Update.ReaderModificationCommandBatch.ExecuteAsync(IRelationalConnection connection, CancellationToken cancellationToken)
   --- End of inner exception stack trace ---
   at Microsoft.EntityFrameworkCore.Update.ReaderModificationCommandBatch.ExecuteAsync(IRelationalConnection connection, CancellationToken cancellationToken)
   at Microsoft.EntityFrameworkCore.Update.Internal.BatchExecutor.ExecuteAsync(IEnumerable`1 commandBatches, IRelationalConnection connection, CancellationToken cancellationToken)
   at Microsoft.EntityFrameworkCore.Update.Internal.BatchExecutor.ExecuteAsync(IEnumerable`1 commandBatches, IRelationalConnection connection, CancellationToken cancellationToken)
   at Microsoft.EntityFrameworkCore.Update.Internal.BatchExecutor.ExecuteAsync(IEnumerable`1 commandBatches, IRelationalConnection connection, CancellationToken cancellationToken)
   at Microsoft.EntityFrameworkCore.ChangeTracking.Internal.StateManager.SaveChangesAsync(IList`1 entriesToSave, CancellationToken cancellationToken)
   at Microsoft.EntityFrameworkCore.ChangeTracking.Internal.StateManager.SaveChangesAsync(StateManager stateManager, Boolean acceptAllChangesOnSuccess, CancellationToken cancellationToken)
   at Pomelo.EntityFrameworkCore.MySql.Storage.Internal.MySqlExecutionStrategy.ExecuteAsync[TState,TResult](TState state, Func`4 operation, Func`4 verifySucceeded, CancellationToken cancellationToken)
   at Microsoft.EntityFrameworkCore.DbContext.SaveChangesAsync(Boolean acceptAllChangesOnSuccess, CancellationToken cancellationToken)
   at Microsoft.EntityFrameworkCore.DbContext.SaveChangesAsync(Boolean acceptAllChangesOnSuccess, CancellationToken cancellationToken)
   at Adveshta.Services.Features.ContactManagement.CreateContact.CreateContactHandler.Handle(CreateContactCommand request, CancellationToken cancellationToken) in /home/admin1/Projects/Adveshta/Adveshta.Services/Features/ContactManagement/CreateContact.cs:line 94
2026-09-25 01:41:50.968 [ERR] HTTP POST /api/contact responded 500 in 845.1847 ms
2026-09-25 01:42:11.482 [ERR] Failed executing DbCommand (25ms) [Parameters=[@p0='?' (DbType = Guid), @p1='?' (DbType = DateTime), @p2='?' (DbType = Guid), @p3='?' (Size = 4000), @p4='?' (Size = 4000), @p5='?' (Size = 4000), @p6='?' (DbType = Boolean), @p7='?' (DbType = Guid), @p8='?' (Size = 4000), @p9='?' (Size = 4000), @p10='?' (DbType = Guid), @p11='?' (Size = 4000), @p12='?' (DbType = Guid), @p13='?' (DbType = DateTime), @p14='?' (DbType = Guid), @p15='?' (DbType = Guid), @p16='?' (DbType = DateTime), @p17='?' (DbType = Guid), @p18='?' (DbType = Int32), @p19='?' (Size = 4000), @p20='?' (DbType = DateTime), @p21='?' (DbType = Guid), @p22='?' (DbType = Guid), @p23='?' (DbType = Guid), @p24='?' (DbType = Int32), @p25='?' (Size = 2000), @p26='?' (Size = 500)], CommandType='"Text"', CommandTimeout='30']
INSERT INTO `Contacts` (`Id`, `CreatedAt`, `CreatedById`, `Designation`, `Email`, `FirstName`, `IsPrimary`, `JobRoleId`, `LastName`, `Notes`, `OrganizationId`, `PhoneNumber`, `ProspectId`, `UpdateAt`, `UpdatedById`)
VALUES (@p0, @p1, @p2, @p3, @p4, @p5, @p6, @p7, @p8, @p9, @p10, @p11, @p12, @p13, @p14);
INSERT INTO `ProspectTimeLines` (`Id`, `CreatedAt`, `EmployeeId`, `EventType`, `Metadata`, `OccurredAt`, `OrganizationId`, `ProspectId`, `SourceEntityId`, `SourceEntityType`, `Summary`, `Title`)
VALUES (@p15, @p16, @p17, @p18, @p19, @p20, @p21, @p22, @p23, @p24, @p25, @p26);
2026-09-25 01:42:11.489 [ERR] An exception occurred in the database while saving changes for context type 'Adveshta.DataAccess.Data.ApplicationDbContext'.
Microsoft.EntityFrameworkCore.DbUpdateException: An error occurred while saving the entity changes. See the inner exception for details.
 ---> MySqlConnector.MySqlException (0x80004005): Cannot add or update a child row: a foreign key constraint fails (`AegisDb`.`Contacts`, CONSTRAINT `FK_Contacts_Organizations_OrganizationId` FOREIGN KEY (`OrganizationId`) REFERENCES `Organizations` (`Id`) ON DELETE CASCADE)
   at MySqlConnector.Core.ServerSession.ReceiveReplyAsync(IOBehavior ioBehavior, CancellationToken cancellationToken) in /_/src/MySqlConnector/Core/ServerSession.cs:line 894
   at MySqlConnector.Core.ResultSet.ReadResultSetHeaderAsync(IOBehavior ioBehavior) in /_/src/MySqlConnector/Core/ResultSet.cs:line 37
   at MySqlConnector.MySqlDataReader.ActivateResultSet(CancellationToken cancellationToken) in /_/src/MySqlConnector/MySqlDataReader.cs:line 130
   at MySqlConnector.MySqlDataReader.InitAsync(CommandListPosition commandListPosition, ICommandPayloadCreator payloadCreator, IDictionary`2 cachedProcedures, IMySqlCommand command, CommandBehavior behavior, Activity activity, IOBehavior ioBehavior, CancellationToken cancellationToken) in /_/src/MySqlConnector/MySqlDataReader.cs:line 483
   at MySqlConnector.Core.CommandExecutor.ExecuteReaderAsync(CommandListPosition commandListPosition, ICommandPayloadCreator payloadCreator, CommandBehavior behavior, Activity activity, IOBehavior ioBehavior, CancellationToken cancellationToken) in /_/src/MySqlConnector/Core/CommandExecutor.cs:line 56
   at MySqlConnector.MySqlCommand.ExecuteReaderAsync(CommandBehavior behavior, IOBehavior ioBehavior, CancellationToken cancellationToken) in /_/src/MySqlConnector/MySqlCommand.cs:line 357
   at MySqlConnector.MySqlCommand.ExecuteDbDataReaderAsync(CommandBehavior behavior, CancellationToken cancellationToken) in /_/src/MySqlConnector/MySqlCommand.cs:line 350
   at Microsoft.EntityFrameworkCore.Storage.RelationalCommand.ExecuteReaderAsync(RelationalCommandParameterObject parameterObject, CancellationToken cancellationToken)
   at Microsoft.EntityFrameworkCore.Storage.RelationalCommand.ExecuteReaderAsync(RelationalCommandParameterObject parameterObject, CancellationToken cancellationToken)
   at Microsoft.EntityFrameworkCore.Update.ReaderModificationCommandBatch.ExecuteAsync(IRelationalConnection connection, CancellationToken cancellationToken)
   --- End of inner exception stack trace ---
   at Microsoft.EntityFrameworkCore.Update.ReaderModificationCommandBatch.ExecuteAsync(IRelationalConnection connection, CancellationToken cancellationToken)
   at Microsoft.EntityFrameworkCore.Update.Internal.BatchExecutor.ExecuteAsync(IEnumerable`1 commandBatches, IRelationalConnection connection, CancellationToken cancellationToken)
   at Microsoft.EntityFrameworkCore.Update.Internal.BatchExecutor.ExecuteAsync(IEnumerable`1 commandBatches, IRelationalConnection connection, CancellationToken cancellationToken)
   at Microsoft.EntityFrameworkCore.Update.Internal.BatchExecutor.ExecuteAsync(IEnumerable`1 commandBatches, IRelationalConnection connection, CancellationToken cancellationToken)
   at Microsoft.EntityFrameworkCore.ChangeTracking.Internal.StateManager.SaveChangesAsync(IList`1 entriesToSave, CancellationToken cancellationToken)
   at Microsoft.EntityFrameworkCore.ChangeTracking.Internal.StateManager.SaveChangesAsync(StateManager stateManager, Boolean acceptAllChangesOnSuccess, CancellationToken cancellationToken)
   at Pomelo.EntityFrameworkCore.MySql.Storage.Internal.MySqlExecutionStrategy.ExecuteAsync[TState,TResult](TState state, Func`4 operation, Func`4 verifySucceeded, CancellationToken cancellationToken)
   at Microsoft.EntityFrameworkCore.DbContext.SaveChangesAsync(Boolean acceptAllChangesOnSuccess, CancellationToken cancellationToken)
Microsoft.EntityFrameworkCore.DbUpdateException: An error occurred while saving the entity changes. See the inner exception for details.
 ---> MySqlConnector.MySqlException (0x80004005): Cannot add or update a child row: a foreign key constraint fails (`AegisDb`.`Contacts`, CONSTRAINT `FK_Contacts_Organizations_OrganizationId` FOREIGN KEY (`OrganizationId`) REFERENCES `Organizations` (`Id`) ON DELETE CASCADE)
   at MySqlConnector.Core.ServerSession.ReceiveReplyAsync(IOBehavior ioBehavior, CancellationToken cancellationToken) in /_/src/MySqlConnector/Core/ServerSession.cs:line 894
   at MySqlConnector.Core.ResultSet.ReadResultSetHeaderAsync(IOBehavior ioBehavior) in /_/src/MySqlConnector/Core/ResultSet.cs:line 37
   at MySqlConnector.MySqlDataReader.ActivateResultSet(CancellationToken cancellationToken) in /_/src/MySqlConnector/MySqlDataReader.cs:line 130
   at MySqlConnector.MySqlDataReader.InitAsync(CommandListPosition commandListPosition, ICommandPayloadCreator payloadCreator, IDictionary`2 cachedProcedures, IMySqlCommand command, CommandBehavior behavior, Activity activity, IOBehavior ioBehavior, CancellationToken cancellationToken) in /_/src/MySqlConnector/MySqlDataReader.cs:line 483
   at MySqlConnector.Core.CommandExecutor.ExecuteReaderAsync(CommandListPosition commandListPosition, ICommandPayloadCreator payloadCreator, CommandBehavior behavior, Activity activity, IOBehavior ioBehavior, CancellationToken cancellationToken) in /_/src/MySqlConnector/Core/CommandExecutor.cs:line 56
   at MySqlConnector.MySqlCommand.ExecuteReaderAsync(CommandBehavior behavior, IOBehavior ioBehavior, CancellationToken cancellationToken) in /_/src/MySqlConnector/MySqlCommand.cs:line 357
   at MySqlConnector.MySqlCommand.ExecuteDbDataReaderAsync(CommandBehavior behavior, CancellationToken cancellationToken) in /_/src/MySqlConnector/MySqlCommand.cs:line 350
   at Microsoft.EntityFrameworkCore.Storage.RelationalCommand.ExecuteReaderAsync(RelationalCommandParameterObject parameterObject, CancellationToken cancellationToken)
   at Microsoft.EntityFrameworkCore.Storage.RelationalCommand.ExecuteReaderAsync(RelationalCommandParameterObject parameterObject, CancellationToken cancellationToken)
   at Microsoft.EntityFrameworkCore.Update.ReaderModificationCommandBatch.ExecuteAsync(IRelationalConnection connection, CancellationToken cancellationToken)
   --- End of inner exception stack trace ---
   at Microsoft.EntityFrameworkCore.Update.ReaderModificationCommandBatch.ExecuteAsync(IRelationalConnection connection, CancellationToken cancellationToken)
   at Microsoft.EntityFrameworkCore.Update.Internal.BatchExecutor.ExecuteAsync(IEnumerable`1 commandBatches, IRelationalConnection connection, CancellationToken cancellationToken)
   at Microsoft.EntityFrameworkCore.Update.Internal.BatchExecutor.ExecuteAsync(IEnumerable`1 commandBatches, IRelationalConnection connection, CancellationToken cancellationToken)
   at Microsoft.EntityFrameworkCore.Update.Internal.BatchExecutor.ExecuteAsync(IEnumerable`1 commandBatches, IRelationalConnection connection, CancellationToken cancellationToken)
   at Microsoft.EntityFrameworkCore.ChangeTracking.Internal.StateManager.SaveChangesAsync(IList`1 entriesToSave, CancellationToken cancellationToken)
   at Microsoft.EntityFrameworkCore.ChangeTracking.Internal.StateManager.SaveChangesAsync(StateManager stateManager, Boolean acceptAllChangesOnSuccess, CancellationToken cancellationToken)
   at Pomelo.EntityFrameworkCore.MySql.Storage.Internal.MySqlExecutionStrategy.ExecuteAsync[TState,TResult](TState state, Func`4 operation, Func`4 verifySucceeded, CancellationToken cancellationToken)
   at Microsoft.EntityFrameworkCore.DbContext.SaveChangesAsync(Boolean acceptAllChangesOnSuccess, CancellationToken cancellationToken)
   at Microsoft.EntityFrameworkCore.DbContext.SaveChangesAsync(Boolean acceptAllChangesOnSuccess, CancellationToken cancellationToken)
   at Adveshta.Services.Features.ContactManagement.CreateContact.CreateContactHandler.Handle(CreateContactCommand request, CancellationToken cancellationToken) in /home/admin1/Projects/Adveshta/Adveshta.Services/Features/ContactManagement/CreateContact.cs:line 94
2026-09-25 01:42:11.598 [ERR] Contact creation failed : Microsoft.EntityFrameworkCore.DbUpdateException: An error occurred while saving the entity changes. See the inner exception for details.
 ---> MySqlConnector.MySqlException (0x80004005): Cannot add or update a child row: a foreign key constraint fails (`AegisDb`.`Contacts`, CONSTRAINT `FK_Contacts_Organizations_OrganizationId` FOREIGN KEY (`OrganizationId`) REFERENCES `Organizations` (`Id`) ON DELETE CASCADE)
   at MySqlConnector.Core.ServerSession.ReceiveReplyAsync(IOBehavior ioBehavior, CancellationToken cancellationToken) in /_/src/MySqlConnector/Core/ServerSession.cs:line 894
   at MySqlConnector.Core.ResultSet.ReadResultSetHeaderAsync(IOBehavior ioBehavior) in /_/src/MySqlConnector/Core/ResultSet.cs:line 37
   at MySqlConnector.MySqlDataReader.ActivateResultSet(CancellationToken cancellationToken) in /_/src/MySqlConnector/MySqlDataReader.cs:line 130
   at MySqlConnector.MySqlDataReader.InitAsync(CommandListPosition commandListPosition, ICommandPayloadCreator payloadCreator, IDictionary`2 cachedProcedures, IMySqlCommand command, CommandBehavior behavior, Activity activity, IOBehavior ioBehavior, CancellationToken cancellationToken) in /_/src/MySqlConnector/MySqlDataReader.cs:line 483
   at MySqlConnector.Core.CommandExecutor.ExecuteReaderAsync(CommandListPosition commandListPosition, ICommandPayloadCreator payloadCreator, CommandBehavior behavior, Activity activity, IOBehavior ioBehavior, CancellationToken cancellationToken) in /_/src/MySqlConnector/Core/CommandExecutor.cs:line 56
   at MySqlConnector.MySqlCommand.ExecuteReaderAsync(CommandBehavior behavior, IOBehavior ioBehavior, CancellationToken cancellationToken) in /_/src/MySqlConnector/MySqlCommand.cs:line 357
   at MySqlConnector.MySqlCommand.ExecuteDbDataReaderAsync(CommandBehavior behavior, CancellationToken cancellationToken) in /_/src/MySqlConnector/MySqlCommand.cs:line 350
   at Microsoft.EntityFrameworkCore.Storage.RelationalCommand.ExecuteReaderAsync(RelationalCommandParameterObject parameterObject, CancellationToken cancellationToken)
   at Microsoft.EntityFrameworkCore.Storage.RelationalCommand.ExecuteReaderAsync(RelationalCommandParameterObject parameterObject, CancellationToken cancellationToken)
   at Microsoft.EntityFrameworkCore.Update.ReaderModificationCommandBatch.ExecuteAsync(IRelationalConnection connection, CancellationToken cancellationToken)
   --- End of inner exception stack trace ---
   at Microsoft.EntityFrameworkCore.Update.ReaderModificationCommandBatch.ExecuteAsync(IRelationalConnection connection, CancellationToken cancellationToken)
   at Microsoft.EntityFrameworkCore.Update.Internal.BatchExecutor.ExecuteAsync(IEnumerable`1 commandBatches, IRelationalConnection connection, CancellationToken cancellationToken)
   at Microsoft.EntityFrameworkCore.Update.Internal.BatchExecutor.ExecuteAsync(IEnumerable`1 commandBatches, IRelationalConnection connection, CancellationToken cancellationToken)
   at Microsoft.EntityFrameworkCore.Update.Internal.BatchExecutor.ExecuteAsync(IEnumerable`1 commandBatches, IRelationalConnection connection, CancellationToken cancellationToken)
   at Microsoft.EntityFrameworkCore.ChangeTracking.Internal.StateManager.SaveChangesAsync(IList`1 entriesToSave, CancellationToken cancellationToken)
   at Microsoft.EntityFrameworkCore.ChangeTracking.Internal.StateManager.SaveChangesAsync(StateManager stateManager, Boolean acceptAllChangesOnSuccess, CancellationToken cancellationToken)
   at Pomelo.EntityFrameworkCore.MySql.Storage.Internal.MySqlExecutionStrategy.ExecuteAsync[TState,TResult](TState state, Func`4 operation, Func`4 verifySucceeded, CancellationToken cancellationToken)
   at Microsoft.EntityFrameworkCore.DbContext.SaveChangesAsync(Boolean acceptAllChangesOnSuccess, CancellationToken cancellationToken)
   at Microsoft.EntityFrameworkCore.DbContext.SaveChangesAsync(Boolean acceptAllChangesOnSuccess, CancellationToken cancellationToken)
   at Adveshta.Services.Features.ContactManagement.CreateContact.CreateContactHandler.Handle(CreateContactCommand request, CancellationToken cancellationToken) in /home/admin1/Projects/Adveshta/Adveshta.Services/Features/ContactManagement/CreateContact.cs:line 94
2026-09-25 01:42:11.599 [ERR] HTTP POST /api/contact responded 500 in 499.5541 ms
2026-09-25 01:42:28.551 [ERR] Failed executing DbCommand (3ms) [Parameters=[@p0='?' (DbType = Guid), @p1='?' (DbType = DateTime), @p2='?' (DbType = Guid), @p3='?' (Size = 4000), @p4='?' (Size = 4000), @p5='?' (Size = 4000), @p6='?' (DbType = Boolean), @p7='?' (DbType = Guid), @p8='?' (Size = 4000), @p9='?' (Size = 4000), @p10='?' (DbType = Guid), @p11='?' (Size = 4000), @p12='?' (DbType = Guid), @p13='?' (DbType = DateTime), @p14='?' (DbType = Guid), @p15='?' (DbType = Guid), @p16='?' (DbType = DateTime), @p17='?' (DbType = Guid), @p18='?' (DbType = Int32), @p19='?' (Size = 4000), @p20='?' (DbType = DateTime), @p21='?' (DbType = Guid), @p22='?' (DbType = Guid), @p23='?' (DbType = Guid), @p24='?' (DbType = Int32), @p25='?' (Size = 2000), @p26='?' (Size = 500)], CommandType='"Text"', CommandTimeout='30']
INSERT INTO `Contacts` (`Id`, `CreatedAt`, `CreatedById`, `Designation`, `Email`, `FirstName`, `IsPrimary`, `JobRoleId`, `LastName`, `Notes`, `OrganizationId`, `PhoneNumber`, `ProspectId`, `UpdateAt`, `UpdatedById`)
VALUES (@p0, @p1, @p2, @p3, @p4, @p5, @p6, @p7, @p8, @p9, @p10, @p11, @p12, @p13, @p14);
INSERT INTO `ProspectTimeLines` (`Id`, `CreatedAt`, `EmployeeId`, `EventType`, `Metadata`, `OccurredAt`, `OrganizationId`, `ProspectId`, `SourceEntityId`, `SourceEntityType`, `Summary`, `Title`)
VALUES (@p15, @p16, @p17, @p18, @p19, @p20, @p21, @p22, @p23, @p24, @p25, @p26);
2026-09-25 01:42:28.599 [ERR] An exception occurred in the database while saving changes for context type 'Adveshta.DataAccess.Data.ApplicationDbContext'.
Microsoft.EntityFrameworkCore.DbUpdateException: An error occurred while saving the entity changes. See the inner exception for details.
 ---> MySqlConnector.MySqlException (0x80004005): Cannot add or update a child row: a foreign key constraint fails (`AegisDb`.`Contacts`, CONSTRAINT `FK_Contacts_Organizations_OrganizationId` FOREIGN KEY (`OrganizationId`) REFERENCES `Organizations` (`Id`) ON DELETE CASCADE)
   at MySqlConnector.Core.ServerSession.ReceiveReplyAsync(IOBehavior ioBehavior, CancellationToken cancellationToken) in /_/src/MySqlConnector/Core/ServerSession.cs:line 894
   at MySqlConnector.Core.ResultSet.ReadResultSetHeaderAsync(IOBehavior ioBehavior) in /_/src/MySqlConnector/Core/ResultSet.cs:line 37
   at MySqlConnector.MySqlDataReader.ActivateResultSet(CancellationToken cancellationToken) in /_/src/MySqlConnector/MySqlDataReader.cs:line 130
   at MySqlConnector.MySqlDataReader.InitAsync(CommandListPosition commandListPosition, ICommandPayloadCreator payloadCreator, IDictionary`2 cachedProcedures, IMySqlCommand command, CommandBehavior behavior, Activity activity, IOBehavior ioBehavior, CancellationToken cancellationToken) in /_/src/MySqlConnector/MySqlDataReader.cs:line 483
   at MySqlConnector.Core.CommandExecutor.ExecuteReaderAsync(CommandListPosition commandListPosition, ICommandPayloadCreator payloadCreator, CommandBehavior behavior, Activity activity, IOBehavior ioBehavior, CancellationToken cancellationToken) in /_/src/MySqlConnector/Core/CommandExecutor.cs:line 56
   at MySqlConnector.MySqlCommand.ExecuteReaderAsync(CommandBehavior behavior, IOBehavior ioBehavior, CancellationToken cancellationToken) in /_/src/MySqlConnector/MySqlCommand.cs:line 357
   at MySqlConnector.MySqlCommand.ExecuteDbDataReaderAsync(CommandBehavior behavior, CancellationToken cancellationToken) in /_/src/MySqlConnector/MySqlCommand.cs:line 350
   at Microsoft.EntityFrameworkCore.Storage.RelationalCommand.ExecuteReaderAsync(RelationalCommandParameterObject parameterObject, CancellationToken cancellationToken)
   at Microsoft.EntityFrameworkCore.Storage.RelationalCommand.ExecuteReaderAsync(RelationalCommandParameterObject parameterObject, CancellationToken cancellationToken)
   at Microsoft.EntityFrameworkCore.Update.ReaderModificationCommandBatch.ExecuteAsync(IRelationalConnection connection, CancellationToken cancellationToken)
   --- End of inner exception stack trace ---
   at Microsoft.EntityFrameworkCore.Update.ReaderModificationCommandBatch.ExecuteAsync(IRelationalConnection connection, CancellationToken cancellationToken)
   at Microsoft.EntityFrameworkCore.Update.Internal.BatchExecutor.ExecuteAsync(IEnumerable`1 commandBatches, IRelationalConnection connection, CancellationToken cancellationToken)
   at Microsoft.EntityFrameworkCore.Update.Internal.BatchExecutor.ExecuteAsync(IEnumerable`1 commandBatches, IRelationalConnection connection, CancellationToken cancellationToken)
   at Microsoft.EntityFrameworkCore.Update.Internal.BatchExecutor.ExecuteAsync(IEnumerable`1 commandBatches, IRelationalConnection connection, CancellationToken cancellationToken)
   at Microsoft.EntityFrameworkCore.ChangeTracking.Internal.StateManager.SaveChangesAsync(IList`1 entriesToSave, CancellationToken cancellationToken)
   at Microsoft.EntityFrameworkCore.ChangeTracking.Internal.StateManager.SaveChangesAsync(StateManager stateManager, Boolean acceptAllChangesOnSuccess, CancellationToken cancellationToken)
   at Pomelo.EntityFrameworkCore.MySql.Storage.Internal.MySqlExecutionStrategy.ExecuteAsync[TState,TResult](TState state, Func`4 operation, Func`4 verifySucceeded, CancellationToken cancellationToken)
   at Microsoft.EntityFrameworkCore.DbContext.SaveChangesAsync(Boolean acceptAllChangesOnSuccess, CancellationToken cancellationToken)
Microsoft.EntityFrameworkCore.DbUpdateException: An error occurred while saving the entity changes. See the inner exception for details.
 ---> MySqlConnector.MySqlException (0x80004005): Cannot add or update a child row: a foreign key constraint fails (`AegisDb`.`Contacts`, CONSTRAINT `FK_Contacts_Organizations_OrganizationId` FOREIGN KEY (`OrganizationId`) REFERENCES `Organizations` (`Id`) ON DELETE CASCADE)
   at MySqlConnector.Core.ServerSession.ReceiveReplyAsync(IOBehavior ioBehavior, CancellationToken cancellationToken) in /_/src/MySqlConnector/Core/ServerSession.cs:line 894
   at MySqlConnector.Core.ResultSet.ReadResultSetHeaderAsync(IOBehavior ioBehavior) in /_/src/MySqlConnector/Core/ResultSet.cs:line 37
   at MySqlConnector.MySqlDataReader.ActivateResultSet(CancellationToken cancellationToken) in /_/src/MySqlConnector/MySqlDataReader.cs:line 130
   at MySqlConnector.MySqlDataReader.InitAsync(CommandListPosition commandListPosition, ICommandPayloadCreator payloadCreator, IDictionary`2 cachedProcedures, IMySqlCommand command, CommandBehavior behavior, Activity activity, IOBehavior ioBehavior, CancellationToken cancellationToken) in /_/src/MySqlConnector/MySqlDataReader.cs:line 483
   at MySqlConnector.Core.CommandExecutor.ExecuteReaderAsync(CommandListPosition commandListPosition, ICommandPayloadCreator payloadCreator, CommandBehavior behavior, Activity activity, IOBehavior ioBehavior, CancellationToken cancellationToken) in /_/src/MySqlConnector/Core/CommandExecutor.cs:line 56
   at MySqlConnector.MySqlCommand.ExecuteReaderAsync(CommandBehavior behavior, IOBehavior ioBehavior, CancellationToken cancellationToken) in /_/src/MySqlConnector/MySqlCommand.cs:line 357
   at MySqlConnector.MySqlCommand.ExecuteDbDataReaderAsync(CommandBehavior behavior, CancellationToken cancellationToken) in /_/src/MySqlConnector/MySqlCommand.cs:line 350
   at Microsoft.EntityFrameworkCore.Storage.RelationalCommand.ExecuteReaderAsync(RelationalCommandParameterObject parameterObject, CancellationToken cancellationToken)
   at Microsoft.EntityFrameworkCore.Storage.RelationalCommand.ExecuteReaderAsync(RelationalCommandParameterObject parameterObject, CancellationToken cancellationToken)
   at Microsoft.EntityFrameworkCore.Update.ReaderModificationCommandBatch.ExecuteAsync(IRelationalConnection connection, CancellationToken cancellationToken)
   --- End of inner exception stack trace ---
   at Microsoft.EntityFrameworkCore.Update.ReaderModificationCommandBatch.ExecuteAsync(IRelationalConnection connection, CancellationToken cancellationToken)
   at Microsoft.EntityFrameworkCore.Update.Internal.BatchExecutor.ExecuteAsync(IEnumerable`1 commandBatches, IRelationalConnection connection, CancellationToken cancellationToken)
   at Microsoft.EntityFrameworkCore.Update.Internal.BatchExecutor.ExecuteAsync(IEnumerable`1 commandBatches, IRelationalConnection connection, CancellationToken cancellationToken)
   at Microsoft.EntityFrameworkCore.Update.Internal.BatchExecutor.ExecuteAsync(IEnumerable`1 commandBatches, IRelationalConnection connection, CancellationToken cancellationToken)
   at Microsoft.EntityFrameworkCore.ChangeTracking.Internal.StateManager.SaveChangesAsync(IList`1 entriesToSave, CancellationToken cancellationToken)
   at Microsoft.EntityFrameworkCore.ChangeTracking.Internal.StateManager.SaveChangesAsync(StateManager stateManager, Boolean acceptAllChangesOnSuccess, CancellationToken cancellationToken)
   at Pomelo.EntityFrameworkCore.MySql.Storage.Internal.MySqlExecutionStrategy.ExecuteAsync[TState,TResult](TState state, Func`4 operation, Func`4 verifySucceeded, CancellationToken cancellationToken)
   at Microsoft.EntityFrameworkCore.DbContext.SaveChangesAsync(Boolean acceptAllChangesOnSuccess, CancellationToken cancellationToken)
   at Microsoft.EntityFrameworkCore.DbContext.SaveChangesAsync(Boolean acceptAllChangesOnSuccess, CancellationToken cancellationToken)
   at Adveshta.Services.Features.ContactManagement.CreateContact.CreateContactHandler.Handle(CreateContactCommand request, CancellationToken cancellationToken) in /home/admin1/Projects/Adveshta/Adveshta.Services/Features/ContactManagement/CreateContact.cs:line 94
2026-09-25 01:42:28.661 [ERR] Contact creation failed : Microsoft.EntityFrameworkCore.DbUpdateException: An error occurred while saving the entity changes. See the inner exception for details.
 ---> MySqlConnector.MySqlException (0x80004005): Cannot add or update a child row: a foreign key constraint fails (`AegisDb`.`Contacts`, CONSTRAINT `FK_Contacts_Organizations_OrganizationId` FOREIGN KEY (`OrganizationId`) REFERENCES `Organizations` (`Id`) ON DELETE CASCADE)
   at MySqlConnector.Core.ServerSession.ReceiveReplyAsync(IOBehavior ioBehavior, CancellationToken cancellationToken) in /_/src/MySqlConnector/Core/ServerSession.cs:line 894
   at MySqlConnector.Core.ResultSet.ReadResultSetHeaderAsync(IOBehavior ioBehavior) in /_/src/MySqlConnector/Core/ResultSet.cs:line 37
   at MySqlConnector.MySqlDataReader.ActivateResultSet(CancellationToken cancellationToken) in /_/src/MySqlConnector/MySqlDataReader.cs:line 130
   at MySqlConnector.MySqlDataReader.InitAsync(CommandListPosition commandListPosition, ICommandPayloadCreator payloadCreator, IDictionary`2 cachedProcedures, IMySqlCommand command, CommandBehavior behavior, Activity activity, IOBehavior ioBehavior, CancellationToken cancellationToken) in /_/src/MySqlConnector/MySqlDataReader.cs:line 483
   at MySqlConnector.Core.CommandExecutor.ExecuteReaderAsync(CommandListPosition commandListPosition, ICommandPayloadCreator payloadCreator, CommandBehavior behavior, Activity activity, IOBehavior ioBehavior, CancellationToken cancellationToken) in /_/src/MySqlConnector/Core/CommandExecutor.cs:line 56
   at MySqlConnector.MySqlCommand.ExecuteReaderAsync(CommandBehavior behavior, IOBehavior ioBehavior, CancellationToken cancellationToken) in /_/src/MySqlConnector/MySqlCommand.cs:line 357
   at MySqlConnector.MySqlCommand.ExecuteDbDataReaderAsync(CommandBehavior behavior, CancellationToken cancellationToken) in /_/src/MySqlConnector/MySqlCommand.cs:line 350
   at Microsoft.EntityFrameworkCore.Storage.RelationalCommand.ExecuteReaderAsync(RelationalCommandParameterObject parameterObject, CancellationToken cancellationToken)
   at Microsoft.EntityFrameworkCore.Storage.RelationalCommand.ExecuteReaderAsync(RelationalCommandParameterObject parameterObject, CancellationToken cancellationToken)
   at Microsoft.EntityFrameworkCore.Update.ReaderModificationCommandBatch.ExecuteAsync(IRelationalConnection connection, CancellationToken cancellationToken)
   --- End of inner exception stack trace ---
   at Microsoft.EntityFrameworkCore.Update.ReaderModificationCommandBatch.ExecuteAsync(IRelationalConnection connection, CancellationToken cancellationToken)
   at Microsoft.EntityFrameworkCore.Update.Internal.BatchExecutor.ExecuteAsync(IEnumerable`1 commandBatches, IRelationalConnection connection, CancellationToken cancellationToken)
   at Microsoft.EntityFrameworkCore.Update.Internal.BatchExecutor.ExecuteAsync(IEnumerable`1 commandBatches, IRelationalConnection connection, CancellationToken cancellationToken)
   at Microsoft.EntityFrameworkCore.Update.Internal.BatchExecutor.ExecuteAsync(IEnumerable`1 commandBatches, IRelationalConnection connection, CancellationToken cancellationToken)
   at Microsoft.EntityFrameworkCore.ChangeTracking.Internal.StateManager.SaveChangesAsync(IList`1 entriesToSave, CancellationToken cancellationToken)
   at Microsoft.EntityFrameworkCore.ChangeTracking.Internal.StateManager.SaveChangesAsync(StateManager stateManager, Boolean acceptAllChangesOnSuccess, CancellationToken cancellationToken)
   at Pomelo.EntityFrameworkCore.MySql.Storage.Internal.MySqlExecutionStrategy.ExecuteAsync[TState,TResult](TState state, Func`4 operation, Func`4 verifySucceeded, CancellationToken cancellationToken)
   at Microsoft.EntityFrameworkCore.DbContext.SaveChangesAsync(Boolean acceptAllChangesOnSuccess, CancellationToken cancellationToken)
   at Microsoft.EntityFrameworkCore.DbContext.SaveChangesAsync(Boolean acceptAllChangesOnSuccess, CancellationToken cancellationToken)
   at Adveshta.Services.Features.ContactManagement.CreateContact.CreateContactHandler.Handle(CreateContactCommand request, CancellationToken cancellationToken) in /home/admin1/Projects/Adveshta/Adveshta.Services/Features/ContactManagement/CreateContact.cs:line 94
2026-09-25 01:42:28.662 [ERR] HTTP POST /api/contact responded 500 in 499.8267 ms
2026-09-25 01:42:47.099 [ERR] Failed executing DbCommand (5ms) [Parameters=[@p0='?' (DbType = Guid), @p1='?' (DbType = DateTime), @p2='?' (DbType = Guid), @p3='?' (Size = 4000), @p4='?' (Size = 4000), @p5='?' (Size = 4000), @p6='?' (DbType = Boolean), @p7='?' (DbType = Guid), @p8='?' (Size = 4000), @p9='?' (Size = 4000), @p10='?' (DbType = Guid), @p11='?' (Size = 4000), @p12='?' (DbType = Guid), @p13='?' (DbType = DateTime), @p14='?' (DbType = Guid), @p15='?' (DbType = Guid), @p16='?' (DbType = DateTime), @p17='?' (DbType = Guid), @p18='?' (DbType = Int32), @p19='?' (Size = 4000), @p20='?' (DbType = DateTime), @p21='?' (DbType = Guid), @p22='?' (DbType = Guid), @p23='?' (DbType = Guid), @p24='?' (DbType = Int32), @p25='?' (Size = 2000), @p26='?' (Size = 500)], CommandType='"Text"', CommandTimeout='30']
INSERT INTO `Contacts` (`Id`, `CreatedAt`, `CreatedById`, `Designation`, `Email`, `FirstName`, `IsPrimary`, `JobRoleId`, `LastName`, `Notes`, `OrganizationId`, `PhoneNumber`, `ProspectId`, `UpdateAt`, `UpdatedById`)
VALUES (@p0, @p1, @p2, @p3, @p4, @p5, @p6, @p7, @p8, @p9, @p10, @p11, @p12, @p13, @p14);
INSERT INTO `ProspectTimeLines` (`Id`, `CreatedAt`, `EmployeeId`, `EventType`, `Metadata`, `OccurredAt`, `OrganizationId`, `ProspectId`, `SourceEntityId`, `SourceEntityType`, `Summary`, `Title`)
VALUES (@p15, @p16, @p17, @p18, @p19, @p20, @p21, @p22, @p23, @p24, @p25, @p26);
2026-09-25 01:42:47.126 [ERR] An exception occurred in the database while saving changes for context type 'Adveshta.DataAccess.Data.ApplicationDbContext'.
Microsoft.EntityFrameworkCore.DbUpdateException: An error occurred while saving the entity changes. See the inner exception for details.
 ---> MySqlConnector.MySqlException (0x80004005): Cannot add or update a child row: a foreign key constraint fails (`AegisDb`.`Contacts`, CONSTRAINT `FK_Contacts_Organizations_OrganizationId` FOREIGN KEY (`OrganizationId`) REFERENCES `Organizations` (`Id`) ON DELETE CASCADE)
   at MySqlConnector.Core.ServerSession.ReceiveReplyAsync(IOBehavior ioBehavior, CancellationToken cancellationToken) in /_/src/MySqlConnector/Core/ServerSession.cs:line 894
   at MySqlConnector.Core.ResultSet.ReadResultSetHeaderAsync(IOBehavior ioBehavior) in /_/src/MySqlConnector/Core/ResultSet.cs:line 37
   at MySqlConnector.MySqlDataReader.ActivateResultSet(CancellationToken cancellationToken) in /_/src/MySqlConnector/MySqlDataReader.cs:line 130
   at MySqlConnector.MySqlDataReader.InitAsync(CommandListPosition commandListPosition, ICommandPayloadCreator payloadCreator, IDictionary`2 cachedProcedures, IMySqlCommand command, CommandBehavior behavior, Activity activity, IOBehavior ioBehavior, CancellationToken cancellationToken) in /_/src/MySqlConnector/MySqlDataReader.cs:line 483
   at MySqlConnector.Core.CommandExecutor.ExecuteReaderAsync(CommandListPosition commandListPosition, ICommandPayloadCreator payloadCreator, CommandBehavior behavior, Activity activity, IOBehavior ioBehavior, CancellationToken cancellationToken) in /_/src/MySqlConnector/Core/CommandExecutor.cs:line 56
   at MySqlConnector.MySqlCommand.ExecuteReaderAsync(CommandBehavior behavior, IOBehavior ioBehavior, CancellationToken cancellationToken) in /_/src/MySqlConnector/MySqlCommand.cs:line 357
   at MySqlConnector.MySqlCommand.ExecuteDbDataReaderAsync(CommandBehavior behavior, CancellationToken cancellationToken) in /_/src/MySqlConnector/MySqlCommand.cs:line 350
   at Microsoft.EntityFrameworkCore.Storage.RelationalCommand.ExecuteReaderAsync(RelationalCommandParameterObject parameterObject, CancellationToken cancellationToken)
   at Microsoft.EntityFrameworkCore.Storage.RelationalCommand.ExecuteReaderAsync(RelationalCommandParameterObject parameterObject, CancellationToken cancellationToken)
   at Microsoft.EntityFrameworkCore.Update.ReaderModificationCommandBatch.ExecuteAsync(IRelationalConnection connection, CancellationToken cancellationToken)
   --- End of inner exception stack trace ---
   at Microsoft.EntityFrameworkCore.Update.ReaderModificationCommandBatch.ExecuteAsync(IRelationalConnection connection, CancellationToken cancellationToken)
   at Microsoft.EntityFrameworkCore.Update.Internal.BatchExecutor.ExecuteAsync(IEnumerable`1 commandBatches, IRelationalConnection connection, CancellationToken cancellationToken)
   at Microsoft.EntityFrameworkCore.Update.Internal.BatchExecutor.ExecuteAsync(IEnumerable`1 commandBatches, IRelationalConnection connection, CancellationToken cancellationToken)
   at Microsoft.EntityFrameworkCore.Update.Internal.BatchExecutor.ExecuteAsync(IEnumerable`1 commandBatches, IRelationalConnection connection, CancellationToken cancellationToken)
   at Microsoft.EntityFrameworkCore.ChangeTracking.Internal.StateManager.SaveChangesAsync(IList`1 entriesToSave, CancellationToken cancellationToken)
   at Microsoft.EntityFrameworkCore.ChangeTracking.Internal.StateManager.SaveChangesAsync(StateManager stateManager, Boolean acceptAllChangesOnSuccess, CancellationToken cancellationToken)
   at Pomelo.EntityFrameworkCore.MySql.Storage.Internal.MySqlExecutionStrategy.ExecuteAsync[TState,TResult](TState state, Func`4 operation, Func`4 verifySucceeded, CancellationToken cancellationToken)
   at Microsoft.EntityFrameworkCore.DbContext.SaveChangesAsync(Boolean acceptAllChangesOnSuccess, CancellationToken cancellationToken)
Microsoft.EntityFrameworkCore.DbUpdateException: An error occurred while saving the entity changes. See the inner exception for details.
 ---> MySqlConnector.MySqlException (0x80004005): Cannot add or update a child row: a foreign key constraint fails (`AegisDb`.`Contacts`, CONSTRAINT `FK_Contacts_Organizations_OrganizationId` FOREIGN KEY (`OrganizationId`) REFERENCES `Organizations` (`Id`) ON DELETE CASCADE)
   at MySqlConnector.Core.ServerSession.ReceiveReplyAsync(IOBehavior ioBehavior, CancellationToken cancellationToken) in /_/src/MySqlConnector/Core/ServerSession.cs:line 894
   at MySqlConnector.Core.ResultSet.ReadResultSetHeaderAsync(IOBehavior ioBehavior) in /_/src/MySqlConnector/Core/ResultSet.cs:line 37
   at MySqlConnector.MySqlDataReader.ActivateResultSet(CancellationToken cancellationToken) in /_/src/MySqlConnector/MySqlDataReader.cs:line 130
   at MySqlConnector.MySqlDataReader.InitAsync(CommandListPosition commandListPosition, ICommandPayloadCreator payloadCreator, IDictionary`2 cachedProcedures, IMySqlCommand command, CommandBehavior behavior, Activity activity, IOBehavior ioBehavior, CancellationToken cancellationToken) in /_/src/MySqlConnector/MySqlDataReader.cs:line 483
   at MySqlConnector.Core.CommandExecutor.ExecuteReaderAsync(CommandListPosition commandListPosition, ICommandPayloadCreator payloadCreator, CommandBehavior behavior, Activity activity, IOBehavior ioBehavior, CancellationToken cancellationToken) in /_/src/MySqlConnector/Core/CommandExecutor.cs:line 56
   at MySqlConnector.MySqlCommand.ExecuteReaderAsync(CommandBehavior behavior, IOBehavior ioBehavior, CancellationToken cancellationToken) in /_/src/MySqlConnector/MySqlCommand.cs:line 357
   at MySqlConnector.MySqlCommand.ExecuteDbDataReaderAsync(CommandBehavior behavior, CancellationToken cancellationToken) in /_/src/MySqlConnector/MySqlCommand.cs:line 350
   at Microsoft.EntityFrameworkCore.Storage.RelationalCommand.ExecuteReaderAsync(RelationalCommandParameterObject parameterObject, CancellationToken cancellationToken)
   at Microsoft.EntityFrameworkCore.Storage.RelationalCommand.ExecuteReaderAsync(RelationalCommandParameterObject parameterObject, CancellationToken cancellationToken)
   at Microsoft.EntityFrameworkCore.Update.ReaderModificationCommandBatch.ExecuteAsync(IRelationalConnection connection, CancellationToken cancellationToken)
   --- End of inner exception stack trace ---
   at Microsoft.EntityFrameworkCore.Update.ReaderModificationCommandBatch.ExecuteAsync(IRelationalConnection connection, CancellationToken cancellationToken)
   at Microsoft.EntityFrameworkCore.Update.Internal.BatchExecutor.ExecuteAsync(IEnumerable`1 commandBatches, IRelationalConnection connection, CancellationToken cancellationToken)
   at Microsoft.EntityFrameworkCore.Update.Internal.BatchExecutor.ExecuteAsync(IEnumerable`1 commandBatches, IRelationalConnection connection, CancellationToken cancellationToken)
   at Microsoft.EntityFrameworkCore.Update.Internal.BatchExecutor.ExecuteAsync(IEnumerable`1 commandBatches, IRelationalConnection connection, CancellationToken cancellationToken)
   at Microsoft.EntityFrameworkCore.ChangeTracking.Internal.StateManager.SaveChangesAsync(IList`1 entriesToSave, CancellationToken cancellationToken)
   at Microsoft.EntityFrameworkCore.ChangeTracking.Internal.StateManager.SaveChangesAsync(StateManager stateManager, Boolean acceptAllChangesOnSuccess, CancellationToken cancellationToken)
   at Pomelo.EntityFrameworkCore.MySql.Storage.Internal.MySqlExecutionStrategy.ExecuteAsync[TState,TResult](TState state, Func`4 operation, Func`4 verifySucceeded, CancellationToken cancellationToken)
   at Microsoft.EntityFrameworkCore.DbContext.SaveChangesAsync(Boolean acceptAllChangesOnSuccess, CancellationToken cancellationToken)
   at Microsoft.EntityFrameworkCore.DbContext.SaveChangesAsync(Boolean acceptAllChangesOnSuccess, CancellationToken cancellationToken)
   at Adveshta.Services.Features.ContactManagement.CreateContact.CreateContactHandler.Handle(CreateContactCommand request, CancellationToken cancellationToken) in /home/admin1/Projects/Adveshta/Adveshta.Services/Features/ContactManagement/CreateContact.cs:line 94
2026-09-25 01:42:47.164 [ERR] Contact creation failed : Microsoft.EntityFrameworkCore.DbUpdateException: An error occurred while saving the entity changes. See the inner exception for details.
 ---> MySqlConnector.MySqlException (0x80004005): Cannot add or update a child row: a foreign key constraint fails (`AegisDb`.`Contacts`, CONSTRAINT `FK_Contacts_Organizations_OrganizationId` FOREIGN KEY (`OrganizationId`) REFERENCES `Organizations` (`Id`) ON DELETE CASCADE)
   at MySqlConnector.Core.ServerSession.ReceiveReplyAsync(IOBehavior ioBehavior, CancellationToken cancellationToken) in /_/src/MySqlConnector/Core/ServerSession.cs:line 894
   at MySqlConnector.Core.ResultSet.ReadResultSetHeaderAsync(IOBehavior ioBehavior) in /_/src/MySqlConnector/Core/ResultSet.cs:line 37
   at MySqlConnector.MySqlDataReader.ActivateResultSet(CancellationToken cancellationToken) in /_/src/MySqlConnector/MySqlDataReader.cs:line 130
   at MySqlConnector.MySqlDataReader.InitAsync(CommandListPosition commandListPosition, ICommandPayloadCreator payloadCreator, IDictionary`2 cachedProcedures, IMySqlCommand command, CommandBehavior behavior, Activity activity, IOBehavior ioBehavior, CancellationToken cancellationToken) in /_/src/MySqlConnector/MySqlDataReader.cs:line 483
   at MySqlConnector.Core.CommandExecutor.ExecuteReaderAsync(CommandListPosition commandListPosition, ICommandPayloadCreator payloadCreator, CommandBehavior behavior, Activity activity, IOBehavior ioBehavior, CancellationToken cancellationToken) in /_/src/MySqlConnector/Core/CommandExecutor.cs:line 56
   at MySqlConnector.MySqlCommand.ExecuteReaderAsync(CommandBehavior behavior, IOBehavior ioBehavior, CancellationToken cancellationToken) in /_/src/MySqlConnector/MySqlCommand.cs:line 357
   at MySqlConnector.MySqlCommand.ExecuteDbDataReaderAsync(CommandBehavior behavior, CancellationToken cancellationToken) in /_/src/MySqlConnector/MySqlCommand.cs:line 350
   at Microsoft.EntityFrameworkCore.Storage.RelationalCommand.ExecuteReaderAsync(RelationalCommandParameterObject parameterObject, CancellationToken cancellationToken)
   at Microsoft.EntityFrameworkCore.Storage.RelationalCommand.ExecuteReaderAsync(RelationalCommandParameterObject parameterObject, CancellationToken cancellationToken)
   at Microsoft.EntityFrameworkCore.Update.ReaderModificationCommandBatch.ExecuteAsync(IRelationalConnection connection, CancellationToken cancellationToken)
   --- End of inner exception stack trace ---
   at Microsoft.EntityFrameworkCore.Update.ReaderModificationCommandBatch.ExecuteAsync(IRelationalConnection connection, CancellationToken cancellationToken)
   at Microsoft.EntityFrameworkCore.Update.Internal.BatchExecutor.ExecuteAsync(IEnumerable`1 commandBatches, IRelationalConnection connection, CancellationToken cancellationToken)
   at Microsoft.EntityFrameworkCore.Update.Internal.BatchExecutor.ExecuteAsync(IEnumerable`1 commandBatches, IRelationalConnection connection, CancellationToken cancellationToken)
   at Microsoft.EntityFrameworkCore.Update.Internal.BatchExecutor.ExecuteAsync(IEnumerable`1 commandBatches, IRelationalConnection connection, CancellationToken cancellationToken)
   at Microsoft.EntityFrameworkCore.ChangeTracking.Internal.StateManager.SaveChangesAsync(IList`1 entriesToSave, CancellationToken cancellationToken)
   at Microsoft.EntityFrameworkCore.ChangeTracking.Internal.StateManager.SaveChangesAsync(StateManager stateManager, Boolean acceptAllChangesOnSuccess, CancellationToken cancellationToken)
   at Pomelo.EntityFrameworkCore.MySql.Storage.Internal.MySqlExecutionStrategy.ExecuteAsync[TState,TResult](TState state, Func`4 operation, Func`4 verifySucceeded, CancellationToken cancellationToken)
   at Microsoft.EntityFrameworkCore.DbContext.SaveChangesAsync(Boolean acceptAllChangesOnSuccess, CancellationToken cancellationToken)
   at Microsoft.EntityFrameworkCore.DbContext.SaveChangesAsync(Boolean acceptAllChangesOnSuccess, CancellationToken cancellationToken)
   at Adveshta.Services.Features.ContactManagement.CreateContact.CreateContactHandler.Handle(CreateContactCommand request, CancellationToken cancellationToken) in /home/admin1/Projects/Adveshta/Adveshta.Services/Features/ContactManagement/CreateContact.cs:line 94
2026-09-25 01:42:47.185 [ERR] HTTP POST /api/contact responded 500 in 137.6689 ms
2026-09-25 01:43:43.268 [ERR] Failed executing DbCommand (3ms) [Parameters=[@p0='?' (DbType = Guid), @p1='?' (DbType = DateTime), @p2='?' (DbType = Guid), @p3='?' (Size = 4000), @p4='?' (Size = 4000), @p5='?' (Size = 4000), @p6='?' (DbType = Boolean), @p7='?' (DbType = Guid), @p8='?' (Size = 4000), @p9='?' (Size = 4000), @p10='?' (DbType = Guid), @p11='?' (Size = 4000), @p12='?' (DbType = Guid), @p13='?' (DbType = DateTime), @p14='?' (DbType = Guid), @p15='?' (DbType = Guid), @p16='?' (DbType = DateTime), @p17='?' (DbType = Guid), @p18='?' (DbType = Int32), @p19='?' (Size = 4000), @p20='?' (DbType = DateTime), @p21='?' (DbType = Guid), @p22='?' (DbType = Guid), @p23='?' (DbType = Guid), @p24='?' (DbType = Int32), @p25='?' (Size = 2000), @p26='?' (Size = 500)], CommandType='"Text"', CommandTimeout='30']
INSERT INTO `Contacts` (`Id`, `CreatedAt`, `CreatedById`, `Designation`, `Email`, `FirstName`, `IsPrimary`, `JobRoleId`, `LastName`, `Notes`, `OrganizationId`, `PhoneNumber`, `ProspectId`, `UpdateAt`, `UpdatedById`)
VALUES (@p0, @p1, @p2, @p3, @p4, @p5, @p6, @p7, @p8, @p9, @p10, @p11, @p12, @p13, @p14);
INSERT INTO `ProspectTimeLines` (`Id`, `CreatedAt`, `EmployeeId`, `EventType`, `Metadata`, `OccurredAt`, `OrganizationId`, `ProspectId`, `SourceEntityId`, `SourceEntityType`, `Summary`, `Title`)
VALUES (@p15, @p16, @p17, @p18, @p19, @p20, @p21, @p22, @p23, @p24, @p25, @p26);
2026-09-25 01:43:43.273 [ERR] An exception occurred in the database while saving changes for context type 'Adveshta.DataAccess.Data.ApplicationDbContext'.
Microsoft.EntityFrameworkCore.DbUpdateException: An error occurred while saving the entity changes. See the inner exception for details.
 ---> MySqlConnector.MySqlException (0x80004005): Cannot add or update a child row: a foreign key constraint fails (`AegisDb`.`Contacts`, CONSTRAINT `FK_Contacts_Organizations_OrganizationId` FOREIGN KEY (`OrganizationId`) REFERENCES `Organizations` (`Id`) ON DELETE CASCADE)
   at MySqlConnector.Core.ServerSession.ReceiveReplyAsync(IOBehavior ioBehavior, CancellationToken cancellationToken) in /_/src/MySqlConnector/Core/ServerSession.cs:line 894
   at MySqlConnector.Core.ResultSet.ReadResultSetHeaderAsync(IOBehavior ioBehavior) in /_/src/MySqlConnector/Core/ResultSet.cs:line 37
   at MySqlConnector.MySqlDataReader.ActivateResultSet(CancellationToken cancellationToken) in /_/src/MySqlConnector/MySqlDataReader.cs:line 130
   at MySqlConnector.MySqlDataReader.InitAsync(CommandListPosition commandListPosition, ICommandPayloadCreator payloadCreator, IDictionary`2 cachedProcedures, IMySqlCommand command, CommandBehavior behavior, Activity activity, IOBehavior ioBehavior, CancellationToken cancellationToken) in /_/src/MySqlConnector/MySqlDataReader.cs:line 483
   at MySqlConnector.Core.CommandExecutor.ExecuteReaderAsync(CommandListPosition commandListPosition, ICommandPayloadCreator payloadCreator, CommandBehavior behavior, Activity activity, IOBehavior ioBehavior, CancellationToken cancellationToken) in /_/src/MySqlConnector/Core/CommandExecutor.cs:line 56
   at MySqlConnector.MySqlCommand.ExecuteReaderAsync(CommandBehavior behavior, IOBehavior ioBehavior, CancellationToken cancellationToken) in /_/src/MySqlConnector/MySqlCommand.cs:line 357
   at MySqlConnector.MySqlCommand.ExecuteDbDataReaderAsync(CommandBehavior behavior, CancellationToken cancellationToken) in /_/src/MySqlConnector/MySqlCommand.cs:line 350
   at Microsoft.EntityFrameworkCore.Storage.RelationalCommand.ExecuteReaderAsync(RelationalCommandParameterObject parameterObject, CancellationToken cancellationToken)
   at Microsoft.EntityFrameworkCore.Storage.RelationalCommand.ExecuteReaderAsync(RelationalCommandParameterObject parameterObject, CancellationToken cancellationToken)
   at Microsoft.EntityFrameworkCore.Update.ReaderModificationCommandBatch.ExecuteAsync(IRelationalConnection connection, CancellationToken cancellationToken)
   --- End of inner exception stack trace ---
   at Microsoft.EntityFrameworkCore.Update.ReaderModificationCommandBatch.ExecuteAsync(IRelationalConnection connection, CancellationToken cancellationToken)
   at Microsoft.EntityFrameworkCore.Update.Internal.BatchExecutor.ExecuteAsync(IEnumerable`1 commandBatches, IRelationalConnection connection, CancellationToken cancellationToken)
   at Microsoft.EntityFrameworkCore.Update.Internal.BatchExecutor.ExecuteAsync(IEnumerable`1 commandBatches, IRelationalConnection connection, CancellationToken cancellationToken)
   at Microsoft.EntityFrameworkCore.Update.Internal.BatchExecutor.ExecuteAsync(IEnumerable`1 commandBatches, IRelationalConnection connection, CancellationToken cancellationToken)
   at Microsoft.EntityFrameworkCore.ChangeTracking.Internal.StateManager.SaveChangesAsync(IList`1 entriesToSave, CancellationToken cancellationToken)
   at Microsoft.EntityFrameworkCore.ChangeTracking.Internal.StateManager.SaveChangesAsync(StateManager stateManager, Boolean acceptAllChangesOnSuccess, CancellationToken cancellationToken)
   at Pomelo.EntityFrameworkCore.MySql.Storage.Internal.MySqlExecutionStrategy.ExecuteAsync[TState,TResult](TState state, Func`4 operation, Func`4 verifySucceeded, CancellationToken cancellationToken)
   at Microsoft.EntityFrameworkCore.DbContext.SaveChangesAsync(Boolean acceptAllChangesOnSuccess, CancellationToken cancellationToken)
Microsoft.EntityFrameworkCore.DbUpdateException: An error occurred while saving the entity changes. See the inner exception for details.
 ---> MySqlConnector.MySqlException (0x80004005): Cannot add or update a child row: a foreign key constraint fails (`AegisDb`.`Contacts`, CONSTRAINT `FK_Contacts_Organizations_OrganizationId` FOREIGN KEY (`OrganizationId`) REFERENCES `Organizations` (`Id`) ON DELETE CASCADE)
   at MySqlConnector.Core.ServerSession.ReceiveReplyAsync(IOBehavior ioBehavior, CancellationToken cancellationToken) in /_/src/MySqlConnector/Core/ServerSession.cs:line 894
   at MySqlConnector.Core.ResultSet.ReadResultSetHeaderAsync(IOBehavior ioBehavior) in /_/src/MySqlConnector/Core/ResultSet.cs:line 37
   at MySqlConnector.MySqlDataReader.ActivateResultSet(CancellationToken cancellationToken) in /_/src/MySqlConnector/MySqlDataReader.cs:line 130
   at MySqlConnector.MySqlDataReader.InitAsync(CommandListPosition commandListPosition, ICommandPayloadCreator payloadCreator, IDictionary`2 cachedProcedures, IMySqlCommand command, CommandBehavior behavior, Activity activity, IOBehavior ioBehavior, CancellationToken cancellationToken) in /_/src/MySqlConnector/MySqlDataReader.cs:line 483
   at MySqlConnector.Core.CommandExecutor.ExecuteReaderAsync(CommandListPosition commandListPosition, ICommandPayloadCreator payloadCreator, CommandBehavior behavior, Activity activity, IOBehavior ioBehavior, CancellationToken cancellationToken) in /_/src/MySqlConnector/Core/CommandExecutor.cs:line 56
   at MySqlConnector.MySqlCommand.ExecuteReaderAsync(CommandBehavior behavior, IOBehavior ioBehavior, CancellationToken cancellationToken) in /_/src/MySqlConnector/MySqlCommand.cs:line 357
   at MySqlConnector.MySqlCommand.ExecuteDbDataReaderAsync(CommandBehavior behavior, CancellationToken cancellationToken) in /_/src/MySqlConnector/MySqlCommand.cs:line 350
   at Microsoft.EntityFrameworkCore.Storage.RelationalCommand.ExecuteReaderAsync(RelationalCommandParameterObject parameterObject, CancellationToken cancellationToken)
   at Microsoft.EntityFrameworkCore.Storage.RelationalCommand.ExecuteReaderAsync(RelationalCommandParameterObject parameterObject, CancellationToken cancellationToken)
   at Microsoft.EntityFrameworkCore.Update.ReaderModificationCommandBatch.ExecuteAsync(IRelationalConnection connection, CancellationToken cancellationToken)
   --- End of inner exception stack trace ---
   at Microsoft.EntityFrameworkCore.Update.ReaderModificationCommandBatch.ExecuteAsync(IRelationalConnection connection, CancellationToken cancellationToken)
   at Microsoft.EntityFrameworkCore.Update.Internal.BatchExecutor.ExecuteAsync(IEnumerable`1 commandBatches, IRelationalConnection connection, CancellationToken cancellationToken)
   at Microsoft.EntityFrameworkCore.Update.Internal.BatchExecutor.ExecuteAsync(IEnumerable`1 commandBatches, IRelationalConnection connection, CancellationToken cancellationToken)
   at Microsoft.EntityFrameworkCore.Update.Internal.BatchExecutor.ExecuteAsync(IEnumerable`1 commandBatches, IRelationalConnection connection, CancellationToken cancellationToken)
   at Microsoft.EntityFrameworkCore.ChangeTracking.Internal.StateManager.SaveChangesAsync(IList`1 entriesToSave, CancellationToken cancellationToken)
   at Microsoft.EntityFrameworkCore.ChangeTracking.Internal.StateManager.SaveChangesAsync(StateManager stateManager, Boolean acceptAllChangesOnSuccess, CancellationToken cancellationToken)
   at Pomelo.EntityFrameworkCore.MySql.Storage.Internal.MySqlExecutionStrategy.ExecuteAsync[TState,TResult](TState state, Func`4 operation, Func`4 verifySucceeded, CancellationToken cancellationToken)
   at Microsoft.EntityFrameworkCore.DbContext.SaveChangesAsync(Boolean acceptAllChangesOnSuccess, CancellationToken cancellationToken)
   at Microsoft.EntityFrameworkCore.DbContext.SaveChangesAsync(Boolean acceptAllChangesOnSuccess, CancellationToken cancellationToken)
   at Adveshta.Services.Features.ContactManagement.CreateContact.CreateContactHandler.Handle(CreateContactCommand request, CancellationToken cancellationToken) in /home/admin1/Projects/Adveshta/Adveshta.Services/Features/ContactManagement/CreateContact.cs:line 94
2026-09-25 01:43:43.313 [ERR] Contact creation failed : Microsoft.EntityFrameworkCore.DbUpdateException: An error occurred while saving the entity changes. See the inner exception for details.
 ---> MySqlConnector.MySqlException (0x80004005): Cannot add or update a child row: a foreign key constraint fails (`AegisDb`.`Contacts`, CONSTRAINT `FK_Contacts_Organizations_OrganizationId` FOREIGN KEY (`OrganizationId`) REFERENCES `Organizations` (`Id`) ON DELETE CASCADE)
   at MySqlConnector.Core.ServerSession.ReceiveReplyAsync(IOBehavior ioBehavior, CancellationToken cancellationToken) in /_/src/MySqlConnector/Core/ServerSession.cs:line 894
   at MySqlConnector.Core.ResultSet.ReadResultSetHeaderAsync(IOBehavior ioBehavior) in /_/src/MySqlConnector/Core/ResultSet.cs:line 37
   at MySqlConnector.MySqlDataReader.ActivateResultSet(CancellationToken cancellationToken) in /_/src/MySqlConnector/MySqlDataReader.cs:line 130
   at MySqlConnector.MySqlDataReader.InitAsync(CommandListPosition commandListPosition, ICommandPayloadCreator payloadCreator, IDictionary`2 cachedProcedures, IMySqlCommand command, CommandBehavior behavior, Activity activity, IOBehavior ioBehavior, CancellationToken cancellationToken) in /_/src/MySqlConnector/MySqlDataReader.cs:line 483
   at MySqlConnector.Core.CommandExecutor.ExecuteReaderAsync(CommandListPosition commandListPosition, ICommandPayloadCreator payloadCreator, CommandBehavior behavior, Activity activity, IOBehavior ioBehavior, CancellationToken cancellationToken) in /_/src/MySqlConnector/Core/CommandExecutor.cs:line 56
   at MySqlConnector.MySqlCommand.ExecuteReaderAsync(CommandBehavior behavior, IOBehavior ioBehavior, CancellationToken cancellationToken) in /_/src/MySqlConnector/MySqlCommand.cs:line 357
   at MySqlConnector.MySqlCommand.ExecuteDbDataReaderAsync(CommandBehavior behavior, CancellationToken cancellationToken) in /_/src/MySqlConnector/MySqlCommand.cs:line 350
   at Microsoft.EntityFrameworkCore.Storage.RelationalCommand.ExecuteReaderAsync(RelationalCommandParameterObject parameterObject, CancellationToken cancellationToken)
   at Microsoft.EntityFrameworkCore.Storage.RelationalCommand.ExecuteReaderAsync(RelationalCommandParameterObject parameterObject, CancellationToken cancellationToken)
   at Microsoft.EntityFrameworkCore.Update.ReaderModificationCommandBatch.ExecuteAsync(IRelationalConnection connection, CancellationToken cancellationToken)
   --- End of inner exception stack trace ---
   at Microsoft.EntityFrameworkCore.Update.ReaderModificationCommandBatch.ExecuteAsync(IRelationalConnection connection, CancellationToken cancellationToken)
   at Microsoft.EntityFrameworkCore.Update.Internal.BatchExecutor.ExecuteAsync(IEnumerable`1 commandBatches, IRelationalConnection connection, CancellationToken cancellationToken)
   at Microsoft.EntityFrameworkCore.Update.Internal.BatchExecutor.ExecuteAsync(IEnumerable`1 commandBatches, IRelationalConnection connection, CancellationToken cancellationToken)
   at Microsoft.EntityFrameworkCore.Update.Internal.BatchExecutor.ExecuteAsync(IEnumerable`1 commandBatches, IRelationalConnection connection, CancellationToken cancellationToken)
   at Microsoft.EntityFrameworkCore.ChangeTracking.Internal.StateManager.SaveChangesAsync(IList`1 entriesToSave, CancellationToken cancellationToken)
   at Microsoft.EntityFrameworkCore.ChangeTracking.Internal.StateManager.SaveChangesAsync(StateManager stateManager, Boolean acceptAllChangesOnSuccess, CancellationToken cancellationToken)
   at Pomelo.EntityFrameworkCore.MySql.Storage.Internal.MySqlExecutionStrategy.ExecuteAsync[TState,TResult](TState state, Func`4 operation, Func`4 verifySucceeded, CancellationToken cancellationToken)
   at Microsoft.EntityFrameworkCore.DbContext.SaveChangesAsync(Boolean acceptAllChangesOnSuccess, CancellationToken cancellationToken)
   at Microsoft.EntityFrameworkCore.DbContext.SaveChangesAsync(Boolean acceptAllChangesOnSuccess, CancellationToken cancellationToken)
   at Adveshta.Services.Features.ContactManagement.CreateContact.CreateContactHandler.Handle(CreateContactCommand request, CancellationToken cancellationToken) in /home/admin1/Projects/Adveshta/Adveshta.Services/Features/ContactManagement/CreateContact.cs:line 94
2026-09-25 01:43:43.314 [ERR] HTTP POST /api/contact responded 500 in 44412.3834 ms
2026-09-25 01:44:40.892 [INF] Starting database seeding process...
2026-09-25 01:44:42.341 [INF] Seeding Super Admin user: codedev90@gmail.com
2026-09-25 01:44:42.478 [INF] Super Admin user already exists.
2026-09-25 01:44:42.965 [INF] Super Application Role already has all permisson
2026-09-25 01:44:43.071 [INF] Super Admin user created successfully.
2026-09-25 01:44:43.191 [WRN] The ASP.NET Core developer certificate is not trusted. For information about trusting the ASP.NET Core developer certificate, see https://aka.ms/aspnet/https-trust-dev-cert.
2026-09-25 01:45:24.362 [WRN] You do not have a valid license key for the Lucky Penny software MediatR. This is allowed for development and testing scenarios. If you are running in production you are required to have a licensed version. Please visit https://luckypennysoftware.com to obtain a valid license.
2026-09-25 01:45:25.385 [INF] Contact created successful : "6f88cef5-9ba5-4607-b54b-a45e3f61448d"
2026-09-25 01:45:25.428 [ERR] HTTP POST /api/contact responded 500 in 1196.0169 ms
2026-09-25 01:48:11.682 [INF] Contact created successful : "6f88cef5-9ba5-4607-b54b-a45e3f61448d"
2026-09-25 01:48:26.527 [ERR] HTTP POST /api/contact responded 500 in 146192.3910 ms
2026-09-25 01:49:33.844 [INF] Starting database seeding process...
2026-09-25 01:49:35.336 [INF] Seeding Super Admin user: codedev90@gmail.com
2026-09-25 01:49:35.461 [INF] Super Admin user already exists.
2026-09-25 01:49:35.710 [INF] Super Application Role already has all permisson
2026-09-25 01:49:35.858 [INF] Super Admin user created successfully.
2026-09-25 01:49:36.048 [WRN] The ASP.NET Core developer certificate is not trusted. For information about trusting the ASP.NET Core developer certificate, see https://aka.ms/aspnet/https-trust-dev-cert.
2026-09-25 01:49:51.107 [WRN] You do not have a valid license key for the Lucky Penny software MediatR. This is allowed for development and testing scenarios. If you are running in production you are required to have a licensed version. Please visit https://luckypennysoftware.com to obtain a valid license.
2026-09-25 01:49:57.349 [INF] Contact created successful : "6f88cef5-9ba5-4607-b54b-a45e3f61448d"
2026-09-25 01:49:57.391 [INF] HTTP POST /api/contact responded 200 in 6406.1786 ms
2026-09-25 01:50:30.725 [INF] Fetched {Count} Prospect Status 
2026-09-25 01:50:30.725 [INF] Fetched {Count} Prospect Temperatures 
2026-09-25 01:50:30.737 [INF] HTTP GET /api/master/temperatures responded 200 in 1083.3149 ms
2026-09-25 01:50:30.737 [INF] HTTP GET /api/master/prospect-status responded 200 in 1083.3210 ms
2026-09-25 01:50:30.804 [WRN] You do not have a valid license key for the Lucky Penny software AutoMapper. This is allowed for development and testing scenarios. If you are running in production you are required to have a licensed version. Please visit https://luckypennysoftware.com to obtain a valid license.
2026-09-25 01:50:30.876 [INF] Prospect  fetched successfully : Organization "c84c9fae-750c-4327-b3fd-338517be8161"
2026-09-25 01:50:30.894 [INF] HTTP GET /api/prospects/6f88cef5-9ba5-4607-b54b-a45e3f61448d responded 200 in 1239.4507 ms
2026-09-25 01:51:25.708 [INF] Fetched 10 job roles for organization "c84c9fae-750c-4327-b3fd-338517be8161"
2026-09-25 01:51:25.714 [INF] HTTP GET /api/master/get-jobroles responded 200 in 293.0033 ms
2026-09-25 01:51:43.864 [INF] Contact created successful : "6f88cef5-9ba5-4607-b54b-a45e3f61448d"
2026-09-25 01:51:43.865 [INF] HTTP POST /api/contact responded 200 in 378.5422 ms
2026-09-25 01:52:10.057 [INF] Fetched 10 job roles for organization "c84c9fae-750c-4327-b3fd-338517be8161"
2026-09-25 01:52:10.057 [INF] HTTP GET /api/master/get-jobroles responded 200 in 95.3538 ms
2026-09-25 01:52:19.787 [INF] Contact created successful : "6f88cef5-9ba5-4607-b54b-a45e3f61448d"
2026-09-25 01:52:19.787 [INF] HTTP POST /api/contact responded 200 in 187.9429 ms
2026-09-25 01:52:44.225 [INF] Contact created successful : "6f88cef5-9ba5-4607-b54b-a45e3f61448d"
2026-09-25 01:52:44.225 [INF] HTTP POST /api/contact responded 200 in 340.7636 ms
2026-09-25 01:54:12.642 [INF] Starting database seeding process...
2026-09-25 01:54:14.087 [INF] Seeding Super Admin user: codedev90@gmail.com
2026-09-25 01:54:14.239 [INF] Super Admin user already exists.
2026-09-25 01:54:14.727 [INF] Super Application Role already has all permisson
2026-09-25 01:54:14.916 [INF] Super Admin user created successfully.
2026-09-25 01:54:15.089 [WRN] The ASP.NET Core developer certificate is not trusted. For information about trusting the ASP.NET Core developer certificate, see https://aka.ms/aspnet/https-trust-dev-cert.
2026-09-25 01:54:15.858 [WRN] You do not have a valid license key for the Lucky Penny software MediatR. This is allowed for development and testing scenarios. If you are running in production you are required to have a licensed version. Please visit https://luckypennysoftware.com to obtain a valid license.
2026-09-25 01:54:15.988 [INF] Fetched 10 job roles for organization "c84c9fae-750c-4327-b3fd-338517be8161"
2026-09-25 01:54:16.085 [INF] HTTP GET /api/master/get-jobroles responded 200 in 334.3942 ms
2026-09-25 01:54:25.830 [INF] Contact created successful : "6f88cef5-9ba5-4607-b54b-a45e3f61448d"
2026-09-25 01:54:25.832 [INF] HTTP POST /api/contact responded 200 in 943.7550 ms
2026-09-25 01:54:53.423 [INF] Contact created successful : "6f88cef5-9ba5-4607-b54b-a45e3f61448d"
2026-09-25 01:54:53.424 [INF] HTTP POST /api/contact responded 200 in 526.7696 ms
2026-09-25 01:56:43.332 [INF] Fetched 10 job roles for organization "c84c9fae-750c-4327-b3fd-338517be8161"
2026-09-25 01:56:43.334 [INF] HTTP GET /api/master/get-jobroles responded 200 in 162.2059 ms
2026-09-25 01:57:02.942 [INF] Contact created successful : "6f88cef5-9ba5-4607-b54b-a45e3f61448d"
2026-09-25 01:57:02.942 [INF] HTTP POST /api/contact responded 200 in 252.7813 ms
2026-09-25 01:57:15.007 [INF] HTTP GET /api/employee/get-employees responded 200 in 183.3785 ms
2026-09-25 01:57:30.565 [WRN] You do not have a valid license key for the Lucky Penny software AutoMapper. This is allowed for development and testing scenarios. If you are running in production you are required to have a licensed version. Please visit https://luckypennysoftware.com to obtain a valid license.
2026-09-25 01:57:30.759 [INF] Prospect List fetched successfully : Organization "c84c9fae-750c-4327-b3fd-338517be8161"
2026-09-25 01:57:30.767 [INF] HTTP GET /api/prospects/list responded 200 in 282.1864 ms
2026-09-25 02:53:05.413 [INF] HTTP GET /api/auth/csrf responded 404 in 0.4945 ms
2026-09-25 02:53:05.928 [INF] Gernerate new refresh token- 
2026-09-25 02:53:05.930 [INF] HTTP POST /api/auth/refresh responded 200 in 487.7663 ms
2026-09-25 02:53:06.226 [INF] Workspace List fetched successfully : For Emplyee "08df046f-470d-4db0-8286-3135ffb6f6ce"
2026-09-25 02:53:06.228 [INF] HTTP GET /api/auth/get-workspace responded 200 in 281.3300 ms
2026-09-25 03:08:41.974 [INF] HTTP GET /api/prospects/p-abc-tower responded 401 in 90.6122 ms
2026-09-25 03:08:41.974 [INF] HTTP GET /api/master/temperatures responded 401 in 66.7368 ms
2026-09-25 03:08:41.974 [INF] HTTP GET /api/master/prospect-status responded 401 in 89.3725 ms
2026-09-25 03:08:42.227 [WRN] Refresh token Rotation failed: Token not found Nd_Z50OmOSubRYLf8q5AuSpaeDQYVWlRbUwO3jkuba_StlT8kJCJ9T8kkJSG2hgqNlBoJifr5pEQMQftMq5v3w
2026-09-25 03:08:42.227 [INF] HTTP POST /api/auth/refresh responded 400 in 246.3058 ms
2026-09-25 03:08:45.317 [INF] Login Successfully, Employee : "08df046f-470d-4db0-8286-3135ffb6f6ce" , UserId :c8bf23af-b2a7-4b83-a995-8a86dcf7217c
2026-09-25 03:08:45.319 [INF] HTTP POST /api/auth/login responded 200 in 360.5843 ms
2026-09-25 03:08:45.636 [INF] Workspace List fetched successfully : For Emplyee "08df046f-470d-4db0-8286-3135ffb6f6ce"
2026-09-25 03:08:45.637 [INF] HTTP GET /api/auth/get-workspace responded 200 in 291.7683 ms
2026-09-25 03:08:48.603 [INF] Workspace selection successfuly open - "c84c9fae-750c-4327-b3fd-338517be8161"
2026-09-25 03:08:48.604 [INF] HTTP POST /api/auth/select-workspace responded 200 in 252.9377 ms
2026-09-25 03:09:47.919 [INF] Prospect List fetched successfully : Organization "c84c9fae-750c-4327-b3fd-338517be8161"
2026-09-25 03:09:47.920 [INF] HTTP GET /api/prospects/list responded 200 in 120.6170 ms
2026-09-25 03:09:51.938 [INF] Fetched {Count} Prospect Status 
2026-09-25 03:09:51.938 [INF] Fetched {Count} Prospect Temperatures 
2026-09-25 03:09:51.941 [INF] HTTP GET /api/master/temperatures responded 200 in 438.1364 ms
2026-09-25 03:09:51.941 [INF] HTTP GET /api/master/prospect-status responded 200 in 438.1428 ms
2026-09-25 03:09:51.989 [INF] Prospect  fetched successfully : Organization "c84c9fae-750c-4327-b3fd-338517be8161"
2026-09-25 03:09:51.993 [INF] HTTP GET /api/prospects/6f88cef5-9ba5-4607-b54b-a45e3f61448d responded 200 in 489.9566 ms
2026-09-25 03:10:15.015 [INF] HTTP GET /api/auth/csrf responded 404 in 0.2445 ms
2026-09-25 03:10:15.262 [INF] Gernerate new refresh token- 
2026-09-25 03:10:15.262 [INF] HTTP POST /api/auth/refresh responded 200 in 239.1520 ms
2026-09-25 03:10:15.362 [INF] Workspace List fetched successfully : For Emplyee "08df046f-470d-4db0-8286-3135ffb6f6ce"
2026-09-25 03:10:15.362 [INF] HTTP GET /api/auth/get-workspace responded 200 in 79.2410 ms
2026-09-25 03:10:18.473 [INF] Workspace selection successfuly open - "c84c9fae-750c-4327-b3fd-338517be8161"
2026-09-25 03:10:18.474 [INF] HTTP POST /api/auth/select-workspace responded 200 in 290.0435 ms
2026-09-25 03:10:34.226 [INF] Prospect List fetched successfully : Organization "c84c9fae-750c-4327-b3fd-338517be8161"
2026-09-25 03:10:34.227 [INF] HTTP GET /api/prospects/list responded 200 in 109.5746 ms
2026-09-25 03:10:36.001 [INF] Fetched {Count} Prospect Status 
2026-09-25 03:10:36.044 [INF] HTTP GET /api/master/prospect-status responded 200 in 224.1362 ms
2026-09-25 03:10:36.141 [INF] Fetched {Count} Prospect Temperatures 
2026-09-25 03:10:36.141 [INF] HTTP GET /api/master/temperatures responded 200 in 275.8077 ms
2026-09-25 03:10:36.171 [INF] Prospect  fetched successfully : Organization "c84c9fae-750c-4327-b3fd-338517be8161"
2026-09-25 03:10:36.172 [INF] HTTP GET /api/prospects/6f88cef5-9ba5-4607-b54b-a45e3f61448d responded 200 in 352.2279 ms
2026-09-25 03:10:50.980 [INF] Prospect status updated : "6f88cef5-9ba5-4607-b54b-a45e3f61448d" :  "acb3fe0e-ab51-4303-87e9-26cb6806e81a"
2026-09-25 03:10:51.023 [INF] HTTP PATCH /api/prospects/6f88cef5-9ba5-4607-b54b-a45e3f61448d responded 200 in 366.2701 ms
2026-09-25 03:10:51.151 [INF] Prospect  fetched successfully : Organization "c84c9fae-750c-4327-b3fd-338517be8161"
2026-09-25 03:10:51.152 [INF] HTTP GET /api/prospects/6f88cef5-9ba5-4607-b54b-a45e3f61448d responded 200 in 119.3902 ms
2026-09-25 03:11:57.563 [INF] Prospect status updated : "6f88cef5-9ba5-4607-b54b-a45e3f61448d" :  "41474b0b-659a-4086-af0e-52a3d885dce0"
2026-09-25 03:11:57.585 [INF] HTTP PATCH /api/prospects/6f88cef5-9ba5-4607-b54b-a45e3f61448d responded 200 in 285.8899 ms
2026-09-25 03:11:57.734 [INF] Prospect  fetched successfully : Organization "c84c9fae-750c-4327-b3fd-338517be8161"
2026-09-25 03:11:57.735 [INF] HTTP GET /api/prospects/6f88cef5-9ba5-4607-b54b-a45e3f61448d responded 200 in 145.4466 ms
2026-09-25 03:12:06.249 [INF] Prospect status updated : "6f88cef5-9ba5-4607-b54b-a45e3f61448d" :  "1d3cb190-8420-4abd-af1f-1d1fb051be83"
2026-09-25 03:12:06.271 [INF] HTTP PATCH /api/prospects/6f88cef5-9ba5-4607-b54b-a45e3f61448d responded 200 in 259.8744 ms
2026-09-25 03:12:06.532 [INF] Prospect  fetched successfully : Organization "c84c9fae-750c-4327-b3fd-338517be8161"
2026-09-25 03:12:06.533 [INF] HTTP GET /api/prospects/6f88cef5-9ba5-4607-b54b-a45e3f61448d responded 200 in 257.7769 ms
2026-09-25 03:12:08.960 [INF] Prospect status updated : "6f88cef5-9ba5-4607-b54b-a45e3f61448d" :  "acb3fe0e-ab51-4303-87e9-26cb6806e81a"
2026-09-25 03:12:08.982 [INF] HTTP PATCH /api/prospects/6f88cef5-9ba5-4607-b54b-a45e3f61448d responded 200 in 242.6951 ms
2026-09-25 03:12:09.148 [INF] Prospect  fetched successfully : Organization "c84c9fae-750c-4327-b3fd-338517be8161"
2026-09-25 03:12:09.149 [INF] HTTP GET /api/prospects/6f88cef5-9ba5-4607-b54b-a45e3f61448d responded 200 in 161.8411 ms
2026-09-25 03:19:31.665 [INF] Prospect List fetched successfully : Organization "c84c9fae-750c-4327-b3fd-338517be8161"
2026-09-25 03:19:31.666 [INF] HTTP GET /api/prospects/list responded 200 in 200.3082 ms
2026-09-25 03:19:33.329 [INF] Fetched {Count} Prospect Status 
2026-09-25 03:19:33.372 [INF] HTTP GET /api/master/prospect-status responded 200 in 224.8526 ms
2026-09-25 03:19:33.398 [INF] Fetched {Count} Prospect Temperatures 
2026-09-25 03:19:33.439 [INF] HTTP GET /api/master/temperatures responded 200 in 290.6709 ms
2026-09-25 03:19:33.461 [INF] Prospect  fetched successfully : Organization "c84c9fae-750c-4327-b3fd-338517be8161"
2026-09-25 03:19:33.462 [INF] HTTP GET /api/prospects/6f88cef5-9ba5-4607-b54b-a45e3f61448d responded 200 in 314.9128 ms
2026-09-25 03:19:35.170 [INF] Fetched 10 job roles for organization "c84c9fae-750c-4327-b3fd-338517be8161"
2026-09-25 03:19:35.213 [INF] HTTP GET /api/master/get-jobroles responded 200 in 156.9997 ms
2026-09-25 03:20:40.362 [INF] Fetched {Count} Prospect Temperatures 
2026-09-25 03:20:40.405 [INF] Fetched {Count} Prospect Status 
2026-09-25 03:20:40.448 [INF] HTTP GET /api/master/temperatures responded 200 in 161.6106 ms
2026-09-25 03:20:40.451 [INF] HTTP GET /api/master/prospect-status responded 200 in 185.3329 ms
2026-09-25 03:36:05.672 [INF] Prospect status updated : "6f88cef5-9ba5-4607-b54b-a45e3f61448d" :  "acb3fe0e-ab51-4303-87e9-26cb6806e81a"
2026-09-25 03:36:05.675 [INF] HTTP PATCH /api/prospects/6f88cef5-9ba5-4607-b54b-a45e3f61448d responded 200 in 383.1363 ms
2026-09-25 03:36:05.843 [INF] Prospect  fetched successfully : Organization "c84c9fae-750c-4327-b3fd-338517be8161"
2026-09-25 03:36:05.843 [INF] HTTP GET /api/prospects/6f88cef5-9ba5-4607-b54b-a45e3f61448d responded 200 in 163.2879 ms
2026-09-25 03:39:57.116 [INF] Fetched {Count} Prospect Status 
2026-09-25 03:39:57.116 [INF] Fetched {Count} Prospect Temperatures 
2026-09-25 03:39:57.116 [INF] HTTP GET /api/master/temperatures responded 200 in 340.0674 ms
2026-09-25 03:39:57.116 [INF] HTTP GET /api/master/prospect-status responded 200 in 402.4350 ms
2026-09-25 03:40:57.983 [INF] HTTP GET /api/auth/csrf responded 404 in 20.5950 ms
2026-09-25 03:40:58.249 [INF] Gernerate new refresh token- 
2026-09-25 03:40:58.249 [INF] HTTP POST /api/auth/refresh responded 200 in 241.8398 ms
2026-09-25 03:40:58.450 [INF] Workspace List fetched successfully : For Emplyee "08df046f-470d-4db0-8286-3135ffb6f6ce"
2026-09-25 03:40:58.450 [INF] HTTP GET /api/auth/get-workspace responded 200 in 183.4597 ms
2026-09-25 03:40:59.886 [INF] Workspace selection successfuly open - "c84c9fae-750c-4327-b3fd-338517be8161"
2026-09-25 03:40:59.886 [INF] HTTP POST /api/auth/select-workspace responded 200 in 191.0076 ms
2026-09-25 03:41:01.739 [INF] Prospect List fetched successfully : Organization "c84c9fae-750c-4327-b3fd-338517be8161"
2026-09-25 03:41:01.739 [INF] HTTP GET /api/prospects/list responded 200 in 70.5219 ms
2026-09-25 03:41:03.087 [INF] Fetched {Count} Prospect Temperatures 
2026-09-25 03:41:03.110 [INF] HTTP GET /api/master/temperatures responded 200 in 180.0311 ms
2026-09-25 03:41:03.166 [INF] Fetched {Count} Prospect Status 
2026-09-25 03:41:03.188 [INF] HTTP GET /api/master/prospect-status responded 200 in 147.2907 ms
2026-09-25 03:41:03.192 [INF] Prospect  fetched successfully : Organization "c84c9fae-750c-4327-b3fd-338517be8161"
2026-09-25 03:41:03.192 [INF] HTTP GET /api/prospects/6f88cef5-9ba5-4607-b54b-a45e3f61448d responded 200 in 262.0862 ms
2026-09-25 03:56:02.734 [INF] HTTP GET /api/auth/csrf responded 404 in 0.0989 ms
2026-09-25 03:56:03.003 [INF] Gernerate new refresh token- 
2026-09-25 03:56:03.003 [INF] HTTP POST /api/auth/refresh responded 200 in 242.7450 ms
2026-09-25 03:56:03.125 [INF] Workspace List fetched successfully : For Emplyee "08df046f-470d-4db0-8286-3135ffb6f6ce"
2026-09-25 03:56:03.125 [INF] HTTP GET /api/auth/get-workspace responded 200 in 108.0968 ms
