2026-08-28 00:15:31.400 [INF] Starting database seeding process...
2026-08-28 00:16:20.268 [INF] Seeding Super Admin user: codedev90@gmail.com
2026-08-28 00:16:42.425 [INF] Super Admin user created successfully.
2026-08-28 00:17:12.673 [INF] Creating new entity of type JobRole.
2026-08-28 00:17:21.921 [INF] Creating new entity of type ApplicationRole.
2026-08-28 00:17:50.509 [INF] Creating new entity of type Employee.
2026-08-28 00:18:03.262 [INF] Creating new entity of type EmployeeAppRoleMap.
2026-08-28 00:28:51.159 [INF] Starting database seeding process...
2026-08-28 00:28:56.532 [INF] Seeding Super Admin user: codedev90@gmail.com
2026-08-28 00:28:57.079 [INF] Super Admin user created successfully.
2026-08-28 00:28:57.262 [INF] Creating new entity of type JobRole.
2026-08-28 00:28:57.370 [INF] Creating new entity of type ApplicationRole.
2026-08-28 00:28:57.481 [INF] Creating new entity of type Employee.
2026-08-28 00:28:57.570 [INF] Creating new entity of type EmployeeAppRoleMap.
2026-08-28 00:28:57.708 [INF] Added 4 new permissons to Supper ApplicationRole
2026-08-28 00:28:57.848 [ERR] Failed executing DbCommand (73ms) [Parameters=[@p0='?' (DbType = Guid), @p1='?' (Size = 4000), @p2='?' (DbType = Boolean), @p3='?' (Size = 4000), @p4='?' (DbType = Guid), @p5='?' (DbType = Guid), @p6='?' (Size = 4000), @p7='?' (Size = 4000), @p8='?' (DbType = Guid), @p9='?' (DbType = Guid), @p10='?' (DbType = Guid), @p11='?' (DbType = Guid), @p12='?' (DbType = Guid), @p13='?' (DbType = Guid), @p14='?' (DbType = Guid), @p15='?' (DbType = Guid), @p16='?' (DbType = Guid), @p17='?' (DbType = Guid), @p18='?' (DbType = Guid), @p19='?' (DbType = Guid), @p20='?' (DbType = Guid), @p21='?' (DbType = Guid), @p22='?' (Size = 4000), @p23='?' (DbType = DateTime), @p24='?' (DbType = DateTime), @p25='?' (Size = 4000), @p26='?' (Size = 100), @p27='?' (DbType = Int32), @p28='?' (DbType = Boolean), @p29='?' (DbType = Boolean), @p30='?' (DbType = Guid), @p31='?' (DbType = DateTime), @p32='?' (Size = 100), @p33='?' (DbType = Guid), @p34='?' (DbType = DateTime), @p35='?' (Size = 255), @p36='?' (DbType = Guid), @p37='?' (DbType = Guid), @p38='?' (DbType = DateTime), @p39='?' (DbType = Guid), @p40='?' (DbType = Guid), @p41='?' (DbType = Boolean), @p42='?' (DbType = Guid), @p43='?' (DbType = DateTime), @p44='?' (DbType = Guid)], CommandType='"Text"', CommandTimeout='30']
INSERT INTO `ApplicationRoles` (`Id`, `Description`, `IsSystem`, `Name`, `TenantId`)
VALUES (@p0, @p1, @p2, @p3, @p4);
INSERT INTO `JobRoles` (`Id`, `Description`, `Name`, `TenantId`)
VALUES (@p5, @p6, @p7, @p8);
INSERT INTO `ApplicationRolePermissons` (`Id`, `ApplicationRoleId`, `FeaturePermissionId`)
VALUES (@p9, @p10, @p11),
(@p12, @p13, @p14),
(@p15, @p16, @p17),
(@p18, @p19, @p20);
INSERT INTO `Employees` (`Id`, `ContactNumber`, `CreatedAt`, `DateOfBirth`, `Email`, `FirstName`, `Gender`, `IsActive`, `IsSystem`, `JobRoleId`, `JoiningDate`, `LastName`, `TenantId`, `UpdatedAt`, `UserId`)
VALUES (@p21, @p22, @p23, @p24, @p25, @p26, @p27, @p28, @p29, @p30, @p31, @p32, @p33, @p34, @p35);
INSERT INTO `EmployeeAppRoleMaps` (`Id`, `AppRoleId`, `AssignedAt`, `AssignedById`, `EmployeeId`, `IsEnabled`, `TenantId`, `UnassignedAt`, `UnassignedById`)
VALUES (@p36, @p37, @p38, @p39, @p40, @p41, @p42, @p43, @p44);
2026-08-28 00:28:57.933 [ERR] An exception occurred in the database while saving changes for context type 'Aegis.DataAccess.Data.ApplicationDbContext'.
Microsoft.EntityFrameworkCore.DbUpdateException: An error occurred while saving the entity changes. See the inner exception for details.
 ---> MySqlConnector.MySqlException (0x80004005): Cannot add or update a child row: a foreign key constraint fails (`AegisDb`.`EmployeeAppRoleMaps`, CONSTRAINT `FK_EmployeeAppRoleMaps_Employees_AssignedById` FOREIGN KEY (`AssignedById`) REFERENCES `Employees` (`Id`) ON DELETE CASCADE)
   at MySqlConnector.Core.ServerSession.ReceiveReplyAsync(IOBehavior ioBehavior, CancellationToken cancellationToken) in /_/src/MySqlConnector/Core/ServerSession.cs:line 894
   at MySqlConnector.Core.ResultSet.ReadResultSetHeaderAsync(IOBehavior ioBehavior) in /_/src/MySqlConnector/Core/ResultSet.cs:line 37
   at MySqlConnector.MySqlDataReader.ActivateResultSet(CancellationToken cancellationToken) in /_/src/MySqlConnector/MySqlDataReader.cs:line 130
   at MySqlConnector.MySqlDataReader.InitAsync(CommandListPosition commandListPosition, ICommandPayloadCreator payloadCreator, IDictionary`2 cachedProcedures, IMySqlCommand command, CommandBehavior behavior, Activity activity, IOBehavior ioBehavior, CancellationToken cancellationToken) in /_/src/MySqlConnector/MySqlDataReader.cs:line 483
   at MySqlConnector.Core.CommandExecutor.ExecuteReaderAsync(CommandListPosition commandListPosition, ICommandPayloadCreator payloadCreator, CommandBehavior behavior, Activity activity, IOBehavior ioBehavior, CancellationToken cancellationToken) in /_/src/MySqlConnector/Core/CommandExecutor.cs:line 56
   at MySqlConnector.MySqlCommand.ExecuteReaderAsync(CommandBehavior behavior, IOBehavior ioBehavior, CancellationToken cancellationToken) in /_/src/MySqlConnector/MySqlCommand.cs:line 357
   at MySqlConnector.MySqlCommand.ExecuteDbDataReaderAsync(CommandBehavior behavior, CancellationToken cancellationToken) in /_/src/MySqlConnector/MySqlCommand.cs:line 350
   at Microsoft.EntityFrameworkCore.Storage.RelationalCommand.ExecuteReaderAsync(RelationalCommandParameterObject parameterObject, CancellationToken cancellationToken)
   at Microsoft.EntityFrameworkCore.Storage.RelationalCommand.ExecuteReaderAsync(RelationalCommandParameterObject parameterObject, CancellationToken cancellationToken)
   at Microsoft.EntityFrameworkCore.Update.ReaderModificationCommandBatch.ExecuteAsync(IRelationalConnection connection, CancellationToken cancellationToken)
   --- End of inner exception stack trace ---
   at Microsoft.EntityFrameworkCore.Update.ReaderModificationCommandBatch.ExecuteAsync(IRelationalConnection connection, CancellationToken cancellationToken)
   at Microsoft.EntityFrameworkCore.Update.Internal.BatchExecutor.ExecuteAsync(IEnumerable`1 commandBatches, IRelationalConnection connection, CancellationToken cancellationToken)
   at Microsoft.EntityFrameworkCore.Update.Internal.BatchExecutor.ExecuteAsync(IEnumerable`1 commandBatches, IRelationalConnection connection, CancellationToken cancellationToken)
   at Microsoft.EntityFrameworkCore.Update.Internal.BatchExecutor.ExecuteAsync(IEnumerable`1 commandBatches, IRelationalConnection connection, CancellationToken cancellationToken)
   at Microsoft.EntityFrameworkCore.ChangeTracking.Internal.StateManager.SaveChangesAsync(IList`1 entriesToSave, CancellationToken cancellationToken)
   at Microsoft.EntityFrameworkCore.ChangeTracking.Internal.StateManager.SaveChangesAsync(StateManager stateManager, Boolean acceptAllChangesOnSuccess, CancellationToken cancellationToken)
   at Pomelo.EntityFrameworkCore.MySql.Storage.Internal.MySqlExecutionStrategy.ExecuteAsync[TState,TResult](TState state, Func`4 operation, Func`4 verifySucceeded, CancellationToken cancellationToken)
   at Microsoft.EntityFrameworkCore.DbContext.SaveChangesAsync(Boolean acceptAllChangesOnSuccess, CancellationToken cancellationToken)
Microsoft.EntityFrameworkCore.DbUpdateException: An error occurred while saving the entity changes. See the inner exception for details.
 ---> MySqlConnector.MySqlException (0x80004005): Cannot add or update a child row: a foreign key constraint fails (`AegisDb`.`EmployeeAppRoleMaps`, CONSTRAINT `FK_EmployeeAppRoleMaps_Employees_AssignedById` FOREIGN KEY (`AssignedById`) REFERENCES `Employees` (`Id`) ON DELETE CASCADE)
   at MySqlConnector.Core.ServerSession.ReceiveReplyAsync(IOBehavior ioBehavior, CancellationToken cancellationToken) in /_/src/MySqlConnector/Core/ServerSession.cs:line 894
   at MySqlConnector.Core.ResultSet.ReadResultSetHeaderAsync(IOBehavior ioBehavior) in /_/src/MySqlConnector/Core/ResultSet.cs:line 37
   at MySqlConnector.MySqlDataReader.ActivateResultSet(CancellationToken cancellationToken) in /_/src/MySqlConnector/MySqlDataReader.cs:line 130
   at MySqlConnector.MySqlDataReader.InitAsync(CommandListPosition commandListPosition, ICommandPayloadCreator payloadCreator, IDictionary`2 cachedProcedures, IMySqlCommand command, CommandBehavior behavior, Activity activity, IOBehavior ioBehavior, CancellationToken cancellationToken) in /_/src/MySqlConnector/MySqlDataReader.cs:line 483
   at MySqlConnector.Core.CommandExecutor.ExecuteReaderAsync(CommandListPosition commandListPosition, ICommandPayloadCreator payloadCreator, CommandBehavior behavior, Activity activity, IOBehavior ioBehavior, CancellationToken cancellationToken) in /_/src/MySqlConnector/Core/CommandExecutor.cs:line 56
   at MySqlConnector.MySqlCommand.ExecuteReaderAsync(CommandBehavior behavior, IOBehavior ioBehavior, CancellationToken cancellationToken) in /_/src/MySqlConnector/MySqlCommand.cs:line 357
   at MySqlConnector.MySqlCommand.ExecuteDbDataReaderAsync(CommandBehavior behavior, CancellationToken cancellationToken) in /_/src/MySqlConnector/MySqlCommand.cs:line 350
   at Microsoft.EntityFrameworkCore.Storage.RelationalCommand.ExecuteReaderAsync(RelationalCommandParameterObject parameterObject, CancellationToken cancellationToken)
   at Microsoft.EntityFrameworkCore.Storage.RelationalCommand.ExecuteReaderAsync(RelationalCommandParameterObject parameterObject, CancellationToken cancellationToken)
   at Microsoft.EntityFrameworkCore.Update.ReaderModificationCommandBatch.ExecuteAsync(IRelationalConnection connection, CancellationToken cancellationToken)
   --- End of inner exception stack trace ---
   at Microsoft.EntityFrameworkCore.Update.ReaderModificationCommandBatch.ExecuteAsync(IRelationalConnection connection, CancellationToken cancellationToken)
   at Microsoft.EntityFrameworkCore.Update.Internal.BatchExecutor.ExecuteAsync(IEnumerable`1 commandBatches, IRelationalConnection connection, CancellationToken cancellationToken)
   at Microsoft.EntityFrameworkCore.Update.Internal.BatchExecutor.ExecuteAsync(IEnumerable`1 commandBatches, IRelationalConnection connection, CancellationToken cancellationToken)
   at Microsoft.EntityFrameworkCore.Update.Internal.BatchExecutor.ExecuteAsync(IEnumerable`1 commandBatches, IRelationalConnection connection, CancellationToken cancellationToken)
   at Microsoft.EntityFrameworkCore.ChangeTracking.Internal.StateManager.SaveChangesAsync(IList`1 entriesToSave, CancellationToken cancellationToken)
   at Microsoft.EntityFrameworkCore.ChangeTracking.Internal.StateManager.SaveChangesAsync(StateManager stateManager, Boolean acceptAllChangesOnSuccess, CancellationToken cancellationToken)
   at Pomelo.EntityFrameworkCore.MySql.Storage.Internal.MySqlExecutionStrategy.ExecuteAsync[TState,TResult](TState state, Func`4 operation, Func`4 verifySucceeded, CancellationToken cancellationToken)
   at Microsoft.EntityFrameworkCore.DbContext.SaveChangesAsync(Boolean acceptAllChangesOnSuccess, CancellationToken cancellationToken)
   at Microsoft.EntityFrameworkCore.DbContext.SaveChangesAsync(Boolean acceptAllChangesOnSuccess, CancellationToken cancellationToken)
   at Aegis.Services.Services.ConfigSystemUser.StartAsync(CancellationToken cancellation) in /home/admin1/Projects/Aegis/Aegis.Services/Services/ConfigSystemUser.cs:line 114
2026-08-28 00:28:57.976 [ERR] An error occurred during database seeding. Rolling back changes.
Microsoft.EntityFrameworkCore.DbUpdateException: An error occurred while saving the entity changes. See the inner exception for details.
 ---> MySqlConnector.MySqlException (0x80004005): Cannot add or update a child row: a foreign key constraint fails (`AegisDb`.`EmployeeAppRoleMaps`, CONSTRAINT `FK_EmployeeAppRoleMaps_Employees_AssignedById` FOREIGN KEY (`AssignedById`) REFERENCES `Employees` (`Id`) ON DELETE CASCADE)
   at MySqlConnector.Core.ServerSession.ReceiveReplyAsync(IOBehavior ioBehavior, CancellationToken cancellationToken) in /_/src/MySqlConnector/Core/ServerSession.cs:line 894
   at MySqlConnector.Core.ResultSet.ReadResultSetHeaderAsync(IOBehavior ioBehavior) in /_/src/MySqlConnector/Core/ResultSet.cs:line 37
   at MySqlConnector.MySqlDataReader.ActivateResultSet(CancellationToken cancellationToken) in /_/src/MySqlConnector/MySqlDataReader.cs:line 130
   at MySqlConnector.MySqlDataReader.InitAsync(CommandListPosition commandListPosition, ICommandPayloadCreator payloadCreator, IDictionary`2 cachedProcedures, IMySqlCommand command, CommandBehavior behavior, Activity activity, IOBehavior ioBehavior, CancellationToken cancellationToken) in /_/src/MySqlConnector/MySqlDataReader.cs:line 483
   at MySqlConnector.Core.CommandExecutor.ExecuteReaderAsync(CommandListPosition commandListPosition, ICommandPayloadCreator payloadCreator, CommandBehavior behavior, Activity activity, IOBehavior ioBehavior, CancellationToken cancellationToken) in /_/src/MySqlConnector/Core/CommandExecutor.cs:line 56
   at MySqlConnector.MySqlCommand.ExecuteReaderAsync(CommandBehavior behavior, IOBehavior ioBehavior, CancellationToken cancellationToken) in /_/src/MySqlConnector/MySqlCommand.cs:line 357
   at MySqlConnector.MySqlCommand.ExecuteDbDataReaderAsync(CommandBehavior behavior, CancellationToken cancellationToken) in /_/src/MySqlConnector/MySqlCommand.cs:line 350
   at Microsoft.EntityFrameworkCore.Storage.RelationalCommand.ExecuteReaderAsync(RelationalCommandParameterObject parameterObject, CancellationToken cancellationToken)
   at Microsoft.EntityFrameworkCore.Storage.RelationalCommand.ExecuteReaderAsync(RelationalCommandParameterObject parameterObject, CancellationToken cancellationToken)
   at Microsoft.EntityFrameworkCore.Update.ReaderModificationCommandBatch.ExecuteAsync(IRelationalConnection connection, CancellationToken cancellationToken)
   --- End of inner exception stack trace ---
   at Microsoft.EntityFrameworkCore.Update.ReaderModificationCommandBatch.ExecuteAsync(IRelationalConnection connection, CancellationToken cancellationToken)
   at Microsoft.EntityFrameworkCore.Update.Internal.BatchExecutor.ExecuteAsync(IEnumerable`1 commandBatches, IRelationalConnection connection, CancellationToken cancellationToken)
   at Microsoft.EntityFrameworkCore.Update.Internal.BatchExecutor.ExecuteAsync(IEnumerable`1 commandBatches, IRelationalConnection connection, CancellationToken cancellationToken)
   at Microsoft.EntityFrameworkCore.Update.Internal.BatchExecutor.ExecuteAsync(IEnumerable`1 commandBatches, IRelationalConnection connection, CancellationToken cancellationToken)
   at Microsoft.EntityFrameworkCore.ChangeTracking.Internal.StateManager.SaveChangesAsync(IList`1 entriesToSave, CancellationToken cancellationToken)
   at Microsoft.EntityFrameworkCore.ChangeTracking.Internal.StateManager.SaveChangesAsync(StateManager stateManager, Boolean acceptAllChangesOnSuccess, CancellationToken cancellationToken)
   at Pomelo.EntityFrameworkCore.MySql.Storage.Internal.MySqlExecutionStrategy.ExecuteAsync[TState,TResult](TState state, Func`4 operation, Func`4 verifySucceeded, CancellationToken cancellationToken)
   at Microsoft.EntityFrameworkCore.DbContext.SaveChangesAsync(Boolean acceptAllChangesOnSuccess, CancellationToken cancellationToken)
   at Microsoft.EntityFrameworkCore.DbContext.SaveChangesAsync(Boolean acceptAllChangesOnSuccess, CancellationToken cancellationToken)
   at Aegis.Services.Services.ConfigSystemUser.StartAsync(CancellationToken cancellation) in /home/admin1/Projects/Aegis/Aegis.Services/Services/ConfigSystemUser.cs:line 114
2026-08-28 00:28:58.122 [ERR] Hosting failed to start
Microsoft.EntityFrameworkCore.DbUpdateException: An error occurred while saving the entity changes. See the inner exception for details.
 ---> MySqlConnector.MySqlException (0x80004005): Cannot add or update a child row: a foreign key constraint fails (`AegisDb`.`EmployeeAppRoleMaps`, CONSTRAINT `FK_EmployeeAppRoleMaps_Employees_AssignedById` FOREIGN KEY (`AssignedById`) REFERENCES `Employees` (`Id`) ON DELETE CASCADE)
   at MySqlConnector.Core.ServerSession.ReceiveReplyAsync(IOBehavior ioBehavior, CancellationToken cancellationToken) in /_/src/MySqlConnector/Core/ServerSession.cs:line 894
   at MySqlConnector.Core.ResultSet.ReadResultSetHeaderAsync(IOBehavior ioBehavior) in /_/src/MySqlConnector/Core/ResultSet.cs:line 37
   at MySqlConnector.MySqlDataReader.ActivateResultSet(CancellationToken cancellationToken) in /_/src/MySqlConnector/MySqlDataReader.cs:line 130
   at MySqlConnector.MySqlDataReader.InitAsync(CommandListPosition commandListPosition, ICommandPayloadCreator payloadCreator, IDictionary`2 cachedProcedures, IMySqlCommand command, CommandBehavior behavior, Activity activity, IOBehavior ioBehavior, CancellationToken cancellationToken) in /_/src/MySqlConnector/MySqlDataReader.cs:line 483
   at MySqlConnector.Core.CommandExecutor.ExecuteReaderAsync(CommandListPosition commandListPosition, ICommandPayloadCreator payloadCreator, CommandBehavior behavior, Activity activity, IOBehavior ioBehavior, CancellationToken cancellationToken) in /_/src/MySqlConnector/Core/CommandExecutor.cs:line 56
   at MySqlConnector.MySqlCommand.ExecuteReaderAsync(CommandBehavior behavior, IOBehavior ioBehavior, CancellationToken cancellationToken) in /_/src/MySqlConnector/MySqlCommand.cs:line 357
   at MySqlConnector.MySqlCommand.ExecuteDbDataReaderAsync(CommandBehavior behavior, CancellationToken cancellationToken) in /_/src/MySqlConnector/MySqlCommand.cs:line 350
   at Microsoft.EntityFrameworkCore.Storage.RelationalCommand.ExecuteReaderAsync(RelationalCommandParameterObject parameterObject, CancellationToken cancellationToken)
   at Microsoft.EntityFrameworkCore.Storage.RelationalCommand.ExecuteReaderAsync(RelationalCommandParameterObject parameterObject, CancellationToken cancellationToken)
   at Microsoft.EntityFrameworkCore.Update.ReaderModificationCommandBatch.ExecuteAsync(IRelationalConnection connection, CancellationToken cancellationToken)
   --- End of inner exception stack trace ---
   at Microsoft.EntityFrameworkCore.Update.ReaderModificationCommandBatch.ExecuteAsync(IRelationalConnection connection, CancellationToken cancellationToken)
   at Microsoft.EntityFrameworkCore.Update.Internal.BatchExecutor.ExecuteAsync(IEnumerable`1 commandBatches, IRelationalConnection connection, CancellationToken cancellationToken)
   at Microsoft.EntityFrameworkCore.Update.Internal.BatchExecutor.ExecuteAsync(IEnumerable`1 commandBatches, IRelationalConnection connection, CancellationToken cancellationToken)
   at Microsoft.EntityFrameworkCore.Update.Internal.BatchExecutor.ExecuteAsync(IEnumerable`1 commandBatches, IRelationalConnection connection, CancellationToken cancellationToken)
   at Microsoft.EntityFrameworkCore.ChangeTracking.Internal.StateManager.SaveChangesAsync(IList`1 entriesToSave, CancellationToken cancellationToken)
   at Microsoft.EntityFrameworkCore.ChangeTracking.Internal.StateManager.SaveChangesAsync(StateManager stateManager, Boolean acceptAllChangesOnSuccess, CancellationToken cancellationToken)
   at Pomelo.EntityFrameworkCore.MySql.Storage.Internal.MySqlExecutionStrategy.ExecuteAsync[TState,TResult](TState state, Func`4 operation, Func`4 verifySucceeded, CancellationToken cancellationToken)
   at Microsoft.EntityFrameworkCore.DbContext.SaveChangesAsync(Boolean acceptAllChangesOnSuccess, CancellationToken cancellationToken)
   at Microsoft.EntityFrameworkCore.DbContext.SaveChangesAsync(Boolean acceptAllChangesOnSuccess, CancellationToken cancellationToken)
   at Aegis.Services.Services.ConfigSystemUser.StartAsync(CancellationToken cancellation) in /home/admin1/Projects/Aegis/Aegis.Services/Services/ConfigSystemUser.cs:line 114
   at Aegis.Services.Services.ConfigSystemUser.StartAsync(CancellationToken cancellation) in /home/admin1/Projects/Aegis/Aegis.Services/Services/ConfigSystemUser.cs:line 124
   at Aegis.Services.Services.ConfigSystemUser.StartAsync(CancellationToken cancellation) in /home/admin1/Projects/Aegis/Aegis.Services/Services/ConfigSystemUser.cs:line 125
   at Microsoft.Extensions.Hosting.Internal.Host.<StartAsync>b__15_1(IHostedService service, CancellationToken token)
   at Microsoft.Extensions.Hosting.Internal.Host.ForeachService[T](IEnumerable`1 services, CancellationToken token, Boolean concurrent, Boolean abortOnFirstException, List`1 exceptions, Func`3 operation)
   at Microsoft.Extensions.Hosting.Internal.Host.StartAsync(CancellationToken cancellationToken)
   at Microsoft.Extensions.Hosting.HostingAbstractionsHostExtensions.RunAsync(IHost host, CancellationToken token)
2026-08-28 00:31:56.940 [INF] Starting database seeding process...
2026-08-28 00:32:04.733 [INF] Seeding Super Admin user: codedev90@gmail.com
2026-08-28 00:32:05.064 [INF] Super Admin user created successfully.
2026-08-28 00:32:05.142 [INF] Creating new entity of type JobRole.
2026-08-28 00:32:05.218 [INF] Creating new entity of type ApplicationRole.
2026-08-28 00:32:05.327 [INF] Creating new entity of type Employee.
2026-08-28 00:32:05.376 [INF] Creating new entity of type EmployeeAppRoleMap.
2026-08-28 00:32:05.510 [INF] Added 4 new permissons to Supper ApplicationRole
2026-08-28 00:32:05.630 [ERR] Failed executing DbCommand (31ms) [Parameters=[@p0='?' (DbType = Guid), @p1='?' (Size = 4000), @p2='?' (DbType = Boolean), @p3='?' (Size = 4000), @p4='?' (DbType = Guid), @p5='?' (DbType = Guid), @p6='?' (Size = 4000), @p7='?' (Size = 4000), @p8='?' (DbType = Guid), @p9='?' (DbType = Guid), @p10='?' (DbType = Guid), @p11='?' (DbType = Guid), @p12='?' (DbType = Guid), @p13='?' (DbType = Guid), @p14='?' (DbType = Guid), @p15='?' (DbType = Guid), @p16='?' (DbType = Guid), @p17='?' (DbType = Guid), @p18='?' (DbType = Guid), @p19='?' (DbType = Guid), @p20='?' (DbType = Guid), @p21='?' (DbType = Guid), @p22='?' (Size = 4000), @p23='?' (DbType = DateTime), @p24='?' (DbType = DateTime), @p25='?' (Size = 4000), @p26='?' (Size = 100), @p27='?' (DbType = Int32), @p28='?' (DbType = Boolean), @p29='?' (DbType = Boolean), @p30='?' (DbType = Guid), @p31='?' (DbType = DateTime), @p32='?' (Size = 100), @p33='?' (DbType = Guid), @p34='?' (DbType = DateTime), @p35='?' (Size = 255), @p36='?' (DbType = Guid), @p37='?' (DbType = Guid), @p38='?' (DbType = DateTime), @p39='?' (DbType = Guid), @p40='?' (DbType = Guid), @p41='?' (DbType = Boolean), @p42='?' (DbType = Guid), @p43='?' (DbType = DateTime), @p44='?' (DbType = Guid)], CommandType='"Text"', CommandTimeout='30']
INSERT INTO `ApplicationRoles` (`Id`, `Description`, `IsSystem`, `Name`, `TenantId`)
VALUES (@p0, @p1, @p2, @p3, @p4);
INSERT INTO `JobRoles` (`Id`, `Description`, `Name`, `TenantId`)
VALUES (@p5, @p6, @p7, @p8);
INSERT INTO `ApplicationRolePermissons` (`Id`, `ApplicationRoleId`, `FeaturePermissionId`)
VALUES (@p9, @p10, @p11),
(@p12, @p13, @p14),
(@p15, @p16, @p17),
(@p18, @p19, @p20);
INSERT INTO `Employees` (`Id`, `ContactNumber`, `CreatedAt`, `DateOfBirth`, `Email`, `FirstName`, `Gender`, `IsActive`, `IsSystem`, `JobRoleId`, `JoiningDate`, `LastName`, `TenantId`, `UpdatedAt`, `UserId`)
VALUES (@p21, @p22, @p23, @p24, @p25, @p26, @p27, @p28, @p29, @p30, @p31, @p32, @p33, @p34, @p35);
INSERT INTO `EmployeeAppRoleMaps` (`Id`, `AppRoleId`, `AssignedAt`, `AssignedById`, `EmployeeId`, `IsEnabled`, `TenantId`, `UnassignedAt`, `UnassignedById`)
VALUES (@p36, @p37, @p38, @p39, @p40, @p41, @p42, @p43, @p44);
2026-08-28 00:32:05.714 [ERR] An exception occurred in the database while saving changes for context type 'Aegis.DataAccess.Data.ApplicationDbContext'.
Microsoft.EntityFrameworkCore.DbUpdateException: An error occurred while saving the entity changes. See the inner exception for details.
 ---> MySqlConnector.MySqlException (0x80004005): Cannot add or update a child row: a foreign key constraint fails (`AegisDb`.`EmployeeAppRoleMaps`, CONSTRAINT `FK_EmployeeAppRoleMaps_Employees_UnassignedById` FOREIGN KEY (`UnassignedById`) REFERENCES `Employees` (`Id`) ON DELETE CASCADE)
   at MySqlConnector.Core.ServerSession.ReceiveReplyAsync(IOBehavior ioBehavior, CancellationToken cancellationToken) in /_/src/MySqlConnector/Core/ServerSession.cs:line 894
   at MySqlConnector.Core.ResultSet.ReadResultSetHeaderAsync(IOBehavior ioBehavior) in /_/src/MySqlConnector/Core/ResultSet.cs:line 37
   at MySqlConnector.MySqlDataReader.ActivateResultSet(CancellationToken cancellationToken) in /_/src/MySqlConnector/MySqlDataReader.cs:line 130
   at MySqlConnector.MySqlDataReader.InitAsync(CommandListPosition commandListPosition, ICommandPayloadCreator payloadCreator, IDictionary`2 cachedProcedures, IMySqlCommand command, CommandBehavior behavior, Activity activity, IOBehavior ioBehavior, CancellationToken cancellationToken) in /_/src/MySqlConnector/MySqlDataReader.cs:line 483
   at MySqlConnector.Core.CommandExecutor.ExecuteReaderAsync(CommandListPosition commandListPosition, ICommandPayloadCreator payloadCreator, CommandBehavior behavior, Activity activity, IOBehavior ioBehavior, CancellationToken cancellationToken) in /_/src/MySqlConnector/Core/CommandExecutor.cs:line 56
   at MySqlConnector.MySqlCommand.ExecuteReaderAsync(CommandBehavior behavior, IOBehavior ioBehavior, CancellationToken cancellationToken) in /_/src/MySqlConnector/MySqlCommand.cs:line 357
   at MySqlConnector.MySqlCommand.ExecuteDbDataReaderAsync(CommandBehavior behavior, CancellationToken cancellationToken) in /_/src/MySqlConnector/MySqlCommand.cs:line 350
   at Microsoft.EntityFrameworkCore.Storage.RelationalCommand.ExecuteReaderAsync(RelationalCommandParameterObject parameterObject, CancellationToken cancellationToken)
   at Microsoft.EntityFrameworkCore.Storage.RelationalCommand.ExecuteReaderAsync(RelationalCommandParameterObject parameterObject, CancellationToken cancellationToken)
   at Microsoft.EntityFrameworkCore.Update.ReaderModificationCommandBatch.ExecuteAsync(IRelationalConnection connection, CancellationToken cancellationToken)
   --- End of inner exception stack trace ---
   at Microsoft.EntityFrameworkCore.Update.ReaderModificationCommandBatch.ExecuteAsync(IRelationalConnection connection, CancellationToken cancellationToken)
   at Microsoft.EntityFrameworkCore.Update.Internal.BatchExecutor.ExecuteAsync(IEnumerable`1 commandBatches, IRelationalConnection connection, CancellationToken cancellationToken)
   at Microsoft.EntityFrameworkCore.Update.Internal.BatchExecutor.ExecuteAsync(IEnumerable`1 commandBatches, IRelationalConnection connection, CancellationToken cancellationToken)
   at Microsoft.EntityFrameworkCore.Update.Internal.BatchExecutor.ExecuteAsync(IEnumerable`1 commandBatches, IRelationalConnection connection, CancellationToken cancellationToken)
   at Microsoft.EntityFrameworkCore.ChangeTracking.Internal.StateManager.SaveChangesAsync(IList`1 entriesToSave, CancellationToken cancellationToken)
   at Microsoft.EntityFrameworkCore.ChangeTracking.Internal.StateManager.SaveChangesAsync(StateManager stateManager, Boolean acceptAllChangesOnSuccess, CancellationToken cancellationToken)
   at Pomelo.EntityFrameworkCore.MySql.Storage.Internal.MySqlExecutionStrategy.ExecuteAsync[TState,TResult](TState state, Func`4 operation, Func`4 verifySucceeded, CancellationToken cancellationToken)
   at Microsoft.EntityFrameworkCore.DbContext.SaveChangesAsync(Boolean acceptAllChangesOnSuccess, CancellationToken cancellationToken)
Microsoft.EntityFrameworkCore.DbUpdateException: An error occurred while saving the entity changes. See the inner exception for details.
 ---> MySqlConnector.MySqlException (0x80004005): Cannot add or update a child row: a foreign key constraint fails (`AegisDb`.`EmployeeAppRoleMaps`, CONSTRAINT `FK_EmployeeAppRoleMaps_Employees_UnassignedById` FOREIGN KEY (`UnassignedById`) REFERENCES `Employees` (`Id`) ON DELETE CASCADE)
   at MySqlConnector.Core.ServerSession.ReceiveReplyAsync(IOBehavior ioBehavior, CancellationToken cancellationToken) in /_/src/MySqlConnector/Core/ServerSession.cs:line 894
   at MySqlConnector.Core.ResultSet.ReadResultSetHeaderAsync(IOBehavior ioBehavior) in /_/src/MySqlConnector/Core/ResultSet.cs:line 37
   at MySqlConnector.MySqlDataReader.ActivateResultSet(CancellationToken cancellationToken) in /_/src/MySqlConnector/MySqlDataReader.cs:line 130
   at MySqlConnector.MySqlDataReader.InitAsync(CommandListPosition commandListPosition, ICommandPayloadCreator payloadCreator, IDictionary`2 cachedProcedures, IMySqlCommand command, CommandBehavior behavior, Activity activity, IOBehavior ioBehavior, CancellationToken cancellationToken) in /_/src/MySqlConnector/MySqlDataReader.cs:line 483
   at MySqlConnector.Core.CommandExecutor.ExecuteReaderAsync(CommandListPosition commandListPosition, ICommandPayloadCreator payloadCreator, CommandBehavior behavior, Activity activity, IOBehavior ioBehavior, CancellationToken cancellationToken) in /_/src/MySqlConnector/Core/CommandExecutor.cs:line 56
   at MySqlConnector.MySqlCommand.ExecuteReaderAsync(CommandBehavior behavior, IOBehavior ioBehavior, CancellationToken cancellationToken) in /_/src/MySqlConnector/MySqlCommand.cs:line 357
   at MySqlConnector.MySqlCommand.ExecuteDbDataReaderAsync(CommandBehavior behavior, CancellationToken cancellationToken) in /_/src/MySqlConnector/MySqlCommand.cs:line 350
   at Microsoft.EntityFrameworkCore.Storage.RelationalCommand.ExecuteReaderAsync(RelationalCommandParameterObject parameterObject, CancellationToken cancellationToken)
   at Microsoft.EntityFrameworkCore.Storage.RelationalCommand.ExecuteReaderAsync(RelationalCommandParameterObject parameterObject, CancellationToken cancellationToken)
   at Microsoft.EntityFrameworkCore.Update.ReaderModificationCommandBatch.ExecuteAsync(IRelationalConnection connection, CancellationToken cancellationToken)
   --- End of inner exception stack trace ---
   at Microsoft.EntityFrameworkCore.Update.ReaderModificationCommandBatch.ExecuteAsync(IRelationalConnection connection, CancellationToken cancellationToken)
   at Microsoft.EntityFrameworkCore.Update.Internal.BatchExecutor.ExecuteAsync(IEnumerable`1 commandBatches, IRelationalConnection connection, CancellationToken cancellationToken)
   at Microsoft.EntityFrameworkCore.Update.Internal.BatchExecutor.ExecuteAsync(IEnumerable`1 commandBatches, IRelationalConnection connection, CancellationToken cancellationToken)
   at Microsoft.EntityFrameworkCore.Update.Internal.BatchExecutor.ExecuteAsync(IEnumerable`1 commandBatches, IRelationalConnection connection, CancellationToken cancellationToken)
   at Microsoft.EntityFrameworkCore.ChangeTracking.Internal.StateManager.SaveChangesAsync(IList`1 entriesToSave, CancellationToken cancellationToken)
   at Microsoft.EntityFrameworkCore.ChangeTracking.Internal.StateManager.SaveChangesAsync(StateManager stateManager, Boolean acceptAllChangesOnSuccess, CancellationToken cancellationToken)
   at Pomelo.EntityFrameworkCore.MySql.Storage.Internal.MySqlExecutionStrategy.ExecuteAsync[TState,TResult](TState state, Func`4 operation, Func`4 verifySucceeded, CancellationToken cancellationToken)
   at Microsoft.EntityFrameworkCore.DbContext.SaveChangesAsync(Boolean acceptAllChangesOnSuccess, CancellationToken cancellationToken)
   at Microsoft.EntityFrameworkCore.DbContext.SaveChangesAsync(Boolean acceptAllChangesOnSuccess, CancellationToken cancellationToken)
   at Aegis.Services.Services.ConfigSystemUser.StartAsync(CancellationToken cancellation) in /home/admin1/Projects/Aegis/Aegis.Services/Services/ConfigSystemUser.cs:line 116
2026-08-28 00:32:05.762 [ERR] An error occurred during database seeding. Rolling back changes.
Microsoft.EntityFrameworkCore.DbUpdateException: An error occurred while saving the entity changes. See the inner exception for details.
 ---> MySqlConnector.MySqlException (0x80004005): Cannot add or update a child row: a foreign key constraint fails (`AegisDb`.`EmployeeAppRoleMaps`, CONSTRAINT `FK_EmployeeAppRoleMaps_Employees_UnassignedById` FOREIGN KEY (`UnassignedById`) REFERENCES `Employees` (`Id`) ON DELETE CASCADE)
   at MySqlConnector.Core.ServerSession.ReceiveReplyAsync(IOBehavior ioBehavior, CancellationToken cancellationToken) in /_/src/MySqlConnector/Core/ServerSession.cs:line 894
   at MySqlConnector.Core.ResultSet.ReadResultSetHeaderAsync(IOBehavior ioBehavior) in /_/src/MySqlConnector/Core/ResultSet.cs:line 37
   at MySqlConnector.MySqlDataReader.ActivateResultSet(CancellationToken cancellationToken) in /_/src/MySqlConnector/MySqlDataReader.cs:line 130
   at MySqlConnector.MySqlDataReader.InitAsync(CommandListPosition commandListPosition, ICommandPayloadCreator payloadCreator, IDictionary`2 cachedProcedures, IMySqlCommand command, CommandBehavior behavior, Activity activity, IOBehavior ioBehavior, CancellationToken cancellationToken) in /_/src/MySqlConnector/MySqlDataReader.cs:line 483
   at MySqlConnector.Core.CommandExecutor.ExecuteReaderAsync(CommandListPosition commandListPosition, ICommandPayloadCreator payloadCreator, CommandBehavior behavior, Activity activity, IOBehavior ioBehavior, CancellationToken cancellationToken) in /_/src/MySqlConnector/Core/CommandExecutor.cs:line 56
   at MySqlConnector.MySqlCommand.ExecuteReaderAsync(CommandBehavior behavior, IOBehavior ioBehavior, CancellationToken cancellationToken) in /_/src/MySqlConnector/MySqlCommand.cs:line 357
   at MySqlConnector.MySqlCommand.ExecuteDbDataReaderAsync(CommandBehavior behavior, CancellationToken cancellationToken) in /_/src/MySqlConnector/MySqlCommand.cs:line 350
   at Microsoft.EntityFrameworkCore.Storage.RelationalCommand.ExecuteReaderAsync(RelationalCommandParameterObject parameterObject, CancellationToken cancellationToken)
   at Microsoft.EntityFrameworkCore.Storage.RelationalCommand.ExecuteReaderAsync(RelationalCommandParameterObject parameterObject, CancellationToken cancellationToken)
   at Microsoft.EntityFrameworkCore.Update.ReaderModificationCommandBatch.ExecuteAsync(IRelationalConnection connection, CancellationToken cancellationToken)
   --- End of inner exception stack trace ---
   at Microsoft.EntityFrameworkCore.Update.ReaderModificationCommandBatch.ExecuteAsync(IRelationalConnection connection, CancellationToken cancellationToken)
   at Microsoft.EntityFrameworkCore.Update.Internal.BatchExecutor.ExecuteAsync(IEnumerable`1 commandBatches, IRelationalConnection connection, CancellationToken cancellationToken)
   at Microsoft.EntityFrameworkCore.Update.Internal.BatchExecutor.ExecuteAsync(IEnumerable`1 commandBatches, IRelationalConnection connection, CancellationToken cancellationToken)
   at Microsoft.EntityFrameworkCore.Update.Internal.BatchExecutor.ExecuteAsync(IEnumerable`1 commandBatches, IRelationalConnection connection, CancellationToken cancellationToken)
   at Microsoft.EntityFrameworkCore.ChangeTracking.Internal.StateManager.SaveChangesAsync(IList`1 entriesToSave, CancellationToken cancellationToken)
   at Microsoft.EntityFrameworkCore.ChangeTracking.Internal.StateManager.SaveChangesAsync(StateManager stateManager, Boolean acceptAllChangesOnSuccess, CancellationToken cancellationToken)
   at Pomelo.EntityFrameworkCore.MySql.Storage.Internal.MySqlExecutionStrategy.ExecuteAsync[TState,TResult](TState state, Func`4 operation, Func`4 verifySucceeded, CancellationToken cancellationToken)
   at Microsoft.EntityFrameworkCore.DbContext.SaveChangesAsync(Boolean acceptAllChangesOnSuccess, CancellationToken cancellationToken)
   at Microsoft.EntityFrameworkCore.DbContext.SaveChangesAsync(Boolean acceptAllChangesOnSuccess, CancellationToken cancellationToken)
   at Aegis.Services.Services.ConfigSystemUser.StartAsync(CancellationToken cancellation) in /home/admin1/Projects/Aegis/Aegis.Services/Services/ConfigSystemUser.cs:line 116
2026-08-28 00:32:05.840 [ERR] Hosting failed to start
Microsoft.EntityFrameworkCore.DbUpdateException: An error occurred while saving the entity changes. See the inner exception for details.
 ---> MySqlConnector.MySqlException (0x80004005): Cannot add or update a child row: a foreign key constraint fails (`AegisDb`.`EmployeeAppRoleMaps`, CONSTRAINT `FK_EmployeeAppRoleMaps_Employees_UnassignedById` FOREIGN KEY (`UnassignedById`) REFERENCES `Employees` (`Id`) ON DELETE CASCADE)
   at MySqlConnector.Core.ServerSession.ReceiveReplyAsync(IOBehavior ioBehavior, CancellationToken cancellationToken) in /_/src/MySqlConnector/Core/ServerSession.cs:line 894
   at MySqlConnector.Core.ResultSet.ReadResultSetHeaderAsync(IOBehavior ioBehavior) in /_/src/MySqlConnector/Core/ResultSet.cs:line 37
   at MySqlConnector.MySqlDataReader.ActivateResultSet(CancellationToken cancellationToken) in /_/src/MySqlConnector/MySqlDataReader.cs:line 130
   at MySqlConnector.MySqlDataReader.InitAsync(CommandListPosition commandListPosition, ICommandPayloadCreator payloadCreator, IDictionary`2 cachedProcedures, IMySqlCommand command, CommandBehavior behavior, Activity activity, IOBehavior ioBehavior, CancellationToken cancellationToken) in /_/src/MySqlConnector/MySqlDataReader.cs:line 483
   at MySqlConnector.Core.CommandExecutor.ExecuteReaderAsync(CommandListPosition commandListPosition, ICommandPayloadCreator payloadCreator, CommandBehavior behavior, Activity activity, IOBehavior ioBehavior, CancellationToken cancellationToken) in /_/src/MySqlConnector/Core/CommandExecutor.cs:line 56
   at MySqlConnector.MySqlCommand.ExecuteReaderAsync(CommandBehavior behavior, IOBehavior ioBehavior, CancellationToken cancellationToken) in /_/src/MySqlConnector/MySqlCommand.cs:line 357
   at MySqlConnector.MySqlCommand.ExecuteDbDataReaderAsync(CommandBehavior behavior, CancellationToken cancellationToken) in /_/src/MySqlConnector/MySqlCommand.cs:line 350
   at Microsoft.EntityFrameworkCore.Storage.RelationalCommand.ExecuteReaderAsync(RelationalCommandParameterObject parameterObject, CancellationToken cancellationToken)
   at Microsoft.EntityFrameworkCore.Storage.RelationalCommand.ExecuteReaderAsync(RelationalCommandParameterObject parameterObject, CancellationToken cancellationToken)
   at Microsoft.EntityFrameworkCore.Update.ReaderModificationCommandBatch.ExecuteAsync(IRelationalConnection connection, CancellationToken cancellationToken)
   --- End of inner exception stack trace ---
   at Microsoft.EntityFrameworkCore.Update.ReaderModificationCommandBatch.ExecuteAsync(IRelationalConnection connection, CancellationToken cancellationToken)
   at Microsoft.EntityFrameworkCore.Update.Internal.BatchExecutor.ExecuteAsync(IEnumerable`1 commandBatches, IRelationalConnection connection, CancellationToken cancellationToken)
   at Microsoft.EntityFrameworkCore.Update.Internal.BatchExecutor.ExecuteAsync(IEnumerable`1 commandBatches, IRelationalConnection connection, CancellationToken cancellationToken)
   at Microsoft.EntityFrameworkCore.Update.Internal.BatchExecutor.ExecuteAsync(IEnumerable`1 commandBatches, IRelationalConnection connection, CancellationToken cancellationToken)
   at Microsoft.EntityFrameworkCore.ChangeTracking.Internal.StateManager.SaveChangesAsync(IList`1 entriesToSave, CancellationToken cancellationToken)
   at Microsoft.EntityFrameworkCore.ChangeTracking.Internal.StateManager.SaveChangesAsync(StateManager stateManager, Boolean acceptAllChangesOnSuccess, CancellationToken cancellationToken)
   at Pomelo.EntityFrameworkCore.MySql.Storage.Internal.MySqlExecutionStrategy.ExecuteAsync[TState,TResult](TState state, Func`4 operation, Func`4 verifySucceeded, CancellationToken cancellationToken)
   at Microsoft.EntityFrameworkCore.DbContext.SaveChangesAsync(Boolean acceptAllChangesOnSuccess, CancellationToken cancellationToken)
   at Microsoft.EntityFrameworkCore.DbContext.SaveChangesAsync(Boolean acceptAllChangesOnSuccess, CancellationToken cancellationToken)
   at Aegis.Services.Services.ConfigSystemUser.StartAsync(CancellationToken cancellation) in /home/admin1/Projects/Aegis/Aegis.Services/Services/ConfigSystemUser.cs:line 116
   at Aegis.Services.Services.ConfigSystemUser.StartAsync(CancellationToken cancellation) in /home/admin1/Projects/Aegis/Aegis.Services/Services/ConfigSystemUser.cs:line 126
   at Aegis.Services.Services.ConfigSystemUser.StartAsync(CancellationToken cancellation) in /home/admin1/Projects/Aegis/Aegis.Services/Services/ConfigSystemUser.cs:line 127
   at Microsoft.Extensions.Hosting.Internal.Host.<StartAsync>b__15_1(IHostedService service, CancellationToken token)
   at Microsoft.Extensions.Hosting.Internal.Host.ForeachService[T](IEnumerable`1 services, CancellationToken token, Boolean concurrent, Boolean abortOnFirstException, List`1 exceptions, Func`3 operation)
   at Microsoft.Extensions.Hosting.Internal.Host.StartAsync(CancellationToken cancellationToken)
   at Microsoft.Extensions.Hosting.HostingAbstractionsHostExtensions.RunAsync(IHost host, CancellationToken token)
2026-08-28 00:36:18.290 [INF] Starting database seeding process...
2026-08-28 00:36:24.537 [INF] Seeding Super Admin user: codedev90@gmail.com
2026-08-28 00:36:24.979 [INF] Super Admin user created successfully.
2026-08-28 00:36:25.057 [INF] Creating new entity of type JobRole.
2026-08-28 00:36:25.182 [INF] Creating new entity of type ApplicationRole.
2026-08-28 00:36:25.350 [INF] Creating new entity of type Employee.
2026-08-28 00:36:25.500 [INF] Creating new entity of type EmployeeAppRoleMap.
2026-08-28 00:36:25.636 [INF] Added 4 new permissons to Supper ApplicationRole
2026-08-28 00:36:25.753 [ERR] Failed executing DbCommand (6ms) [Parameters=[@p0='?' (DbType = Guid), @p1='?' (Size = 4000), @p2='?' (DbType = Boolean), @p3='?' (Size = 4000), @p4='?' (DbType = Guid), @p5='?' (DbType = Guid), @p6='?' (Size = 4000), @p7='?' (Size = 4000), @p8='?' (DbType = Guid), @p9='?' (DbType = Guid), @p10='?' (DbType = Guid), @p11='?' (DbType = Guid), @p12='?' (DbType = Guid), @p13='?' (DbType = Guid), @p14='?' (DbType = Guid), @p15='?' (DbType = Guid), @p16='?' (DbType = Guid), @p17='?' (DbType = Guid), @p18='?' (DbType = Guid), @p19='?' (DbType = Guid), @p20='?' (DbType = Guid), @p21='?' (DbType = Guid), @p22='?' (Size = 4000), @p23='?' (DbType = DateTime), @p24='?' (DbType = DateTime), @p25='?' (Size = 4000), @p26='?' (Size = 100), @p27='?' (DbType = Int32), @p28='?' (DbType = Boolean), @p29='?' (DbType = Boolean), @p30='?' (DbType = Guid), @p31='?' (DbType = DateTime), @p32='?' (Size = 100), @p33='?' (DbType = Guid), @p34='?' (DbType = DateTime), @p35='?' (Size = 255), @p36='?' (DbType = Guid), @p37='?' (DbType = Guid), @p38='?' (DbType = DateTime), @p39='?' (DbType = Guid), @p40='?' (DbType = Guid), @p41='?' (DbType = Boolean), @p42='?' (DbType = Guid), @p43='?' (DbType = DateTime), @p44='?' (DbType = Guid)], CommandType='"Text"', CommandTimeout='30']
INSERT INTO `ApplicationRoles` (`Id`, `Description`, `IsSystem`, `Name`, `TenantId`)
VALUES (@p0, @p1, @p2, @p3, @p4);
INSERT INTO `JobRoles` (`Id`, `Description`, `Name`, `TenantId`)
VALUES (@p5, @p6, @p7, @p8);
INSERT INTO `ApplicationRolePermissons` (`Id`, `ApplicationRoleId`, `FeaturePermissionId`)
VALUES (@p9, @p10, @p11),
(@p12, @p13, @p14),
(@p15, @p16, @p17),
(@p18, @p19, @p20);
INSERT INTO `Employees` (`Id`, `ContactNumber`, `CreatedAt`, `DateOfBirth`, `Email`, `FirstName`, `Gender`, `IsActive`, `IsSystem`, `JobRoleId`, `JoiningDate`, `LastName`, `TenantId`, `UpdatedAt`, `UserId`)
VALUES (@p21, @p22, @p23, @p24, @p25, @p26, @p27, @p28, @p29, @p30, @p31, @p32, @p33, @p34, @p35);
INSERT INTO `EmployeeAppRoleMaps` (`Id`, `AppRoleId`, `AssignedAt`, `AssignedById`, `EmployeeId`, `IsEnabled`, `TenantId`, `UnassignedAt`, `UnassignedById`)
VALUES (@p36, @p37, @p38, @p39, @p40, @p41, @p42, @p43, @p44);
2026-08-28 00:36:25.822 [ERR] An exception occurred in the database while saving changes for context type 'Aegis.DataAccess.Data.ApplicationDbContext'.
Microsoft.EntityFrameworkCore.DbUpdateException: An error occurred while saving the entity changes. See the inner exception for details.
 ---> MySqlConnector.MySqlException (0x80004005): Column 'UnassignedAt' cannot be null
   at MySqlConnector.Core.ServerSession.ReceiveReplyAsync(IOBehavior ioBehavior, CancellationToken cancellationToken) in /_/src/MySqlConnector/Core/ServerSession.cs:line 894
   at MySqlConnector.Core.ResultSet.ReadResultSetHeaderAsync(IOBehavior ioBehavior) in /_/src/MySqlConnector/Core/ResultSet.cs:line 37
   at MySqlConnector.MySqlDataReader.ActivateResultSet(CancellationToken cancellationToken) in /_/src/MySqlConnector/MySqlDataReader.cs:line 130
   at MySqlConnector.MySqlDataReader.InitAsync(CommandListPosition commandListPosition, ICommandPayloadCreator payloadCreator, IDictionary`2 cachedProcedures, IMySqlCommand command, CommandBehavior behavior, Activity activity, IOBehavior ioBehavior, CancellationToken cancellationToken) in /_/src/MySqlConnector/MySqlDataReader.cs:line 483
   at MySqlConnector.Core.CommandExecutor.ExecuteReaderAsync(CommandListPosition commandListPosition, ICommandPayloadCreator payloadCreator, CommandBehavior behavior, Activity activity, IOBehavior ioBehavior, CancellationToken cancellationToken) in /_/src/MySqlConnector/Core/CommandExecutor.cs:line 56
   at MySqlConnector.MySqlCommand.ExecuteReaderAsync(CommandBehavior behavior, IOBehavior ioBehavior, CancellationToken cancellationToken) in /_/src/MySqlConnector/MySqlCommand.cs:line 357
   at MySqlConnector.MySqlCommand.ExecuteDbDataReaderAsync(CommandBehavior behavior, CancellationToken cancellationToken) in /_/src/MySqlConnector/MySqlCommand.cs:line 350
   at Microsoft.EntityFrameworkCore.Storage.RelationalCommand.ExecuteReaderAsync(RelationalCommandParameterObject parameterObject, CancellationToken cancellationToken)
   at Microsoft.EntityFrameworkCore.Storage.RelationalCommand.ExecuteReaderAsync(RelationalCommandParameterObject parameterObject, CancellationToken cancellationToken)
   at Microsoft.EntityFrameworkCore.Update.ReaderModificationCommandBatch.ExecuteAsync(IRelationalConnection connection, CancellationToken cancellationToken)
   --- End of inner exception stack trace ---
   at Microsoft.EntityFrameworkCore.Update.ReaderModificationCommandBatch.ExecuteAsync(IRelationalConnection connection, CancellationToken cancellationToken)
   at Microsoft.EntityFrameworkCore.Update.Internal.BatchExecutor.ExecuteAsync(IEnumerable`1 commandBatches, IRelationalConnection connection, CancellationToken cancellationToken)
   at Microsoft.EntityFrameworkCore.Update.Internal.BatchExecutor.ExecuteAsync(IEnumerable`1 commandBatches, IRelationalConnection connection, CancellationToken cancellationToken)
   at Microsoft.EntityFrameworkCore.Update.Internal.BatchExecutor.ExecuteAsync(IEnumerable`1 commandBatches, IRelationalConnection connection, CancellationToken cancellationToken)
   at Microsoft.EntityFrameworkCore.ChangeTracking.Internal.StateManager.SaveChangesAsync(IList`1 entriesToSave, CancellationToken cancellationToken)
   at Microsoft.EntityFrameworkCore.ChangeTracking.Internal.StateManager.SaveChangesAsync(StateManager stateManager, Boolean acceptAllChangesOnSuccess, CancellationToken cancellationToken)
   at Pomelo.EntityFrameworkCore.MySql.Storage.Internal.MySqlExecutionStrategy.ExecuteAsync[TState,TResult](TState state, Func`4 operation, Func`4 verifySucceeded, CancellationToken cancellationToken)
   at Microsoft.EntityFrameworkCore.DbContext.SaveChangesAsync(Boolean acceptAllChangesOnSuccess, CancellationToken cancellationToken)
Microsoft.EntityFrameworkCore.DbUpdateException: An error occurred while saving the entity changes. See the inner exception for details.
 ---> MySqlConnector.MySqlException (0x80004005): Column 'UnassignedAt' cannot be null
   at MySqlConnector.Core.ServerSession.ReceiveReplyAsync(IOBehavior ioBehavior, CancellationToken cancellationToken) in /_/src/MySqlConnector/Core/ServerSession.cs:line 894
   at MySqlConnector.Core.ResultSet.ReadResultSetHeaderAsync(IOBehavior ioBehavior) in /_/src/MySqlConnector/Core/ResultSet.cs:line 37
   at MySqlConnector.MySqlDataReader.ActivateResultSet(CancellationToken cancellationToken) in /_/src/MySqlConnector/MySqlDataReader.cs:line 130
   at MySqlConnector.MySqlDataReader.InitAsync(CommandListPosition commandListPosition, ICommandPayloadCreator payloadCreator, IDictionary`2 cachedProcedures, IMySqlCommand command, CommandBehavior behavior, Activity activity, IOBehavior ioBehavior, CancellationToken cancellationToken) in /_/src/MySqlConnector/MySqlDataReader.cs:line 483
   at MySqlConnector.Core.CommandExecutor.ExecuteReaderAsync(CommandListPosition commandListPosition, ICommandPayloadCreator payloadCreator, CommandBehavior behavior, Activity activity, IOBehavior ioBehavior, CancellationToken cancellationToken) in /_/src/MySqlConnector/Core/CommandExecutor.cs:line 56
   at MySqlConnector.MySqlCommand.ExecuteReaderAsync(CommandBehavior behavior, IOBehavior ioBehavior, CancellationToken cancellationToken) in /_/src/MySqlConnector/MySqlCommand.cs:line 357
   at MySqlConnector.MySqlCommand.ExecuteDbDataReaderAsync(CommandBehavior behavior, CancellationToken cancellationToken) in /_/src/MySqlConnector/MySqlCommand.cs:line 350
   at Microsoft.EntityFrameworkCore.Storage.RelationalCommand.ExecuteReaderAsync(RelationalCommandParameterObject parameterObject, CancellationToken cancellationToken)
   at Microsoft.EntityFrameworkCore.Storage.RelationalCommand.ExecuteReaderAsync(RelationalCommandParameterObject parameterObject, CancellationToken cancellationToken)
   at Microsoft.EntityFrameworkCore.Update.ReaderModificationCommandBatch.ExecuteAsync(IRelationalConnection connection, CancellationToken cancellationToken)
   --- End of inner exception stack trace ---
   at Microsoft.EntityFrameworkCore.Update.ReaderModificationCommandBatch.ExecuteAsync(IRelationalConnection connection, CancellationToken cancellationToken)
   at Microsoft.EntityFrameworkCore.Update.Internal.BatchExecutor.ExecuteAsync(IEnumerable`1 commandBatches, IRelationalConnection connection, CancellationToken cancellationToken)
   at Microsoft.EntityFrameworkCore.Update.Internal.BatchExecutor.ExecuteAsync(IEnumerable`1 commandBatches, IRelationalConnection connection, CancellationToken cancellationToken)
   at Microsoft.EntityFrameworkCore.Update.Internal.BatchExecutor.ExecuteAsync(IEnumerable`1 commandBatches, IRelationalConnection connection, CancellationToken cancellationToken)
   at Microsoft.EntityFrameworkCore.ChangeTracking.Internal.StateManager.SaveChangesAsync(IList`1 entriesToSave, CancellationToken cancellationToken)
   at Microsoft.EntityFrameworkCore.ChangeTracking.Internal.StateManager.SaveChangesAsync(StateManager stateManager, Boolean acceptAllChangesOnSuccess, CancellationToken cancellationToken)
   at Pomelo.EntityFrameworkCore.MySql.Storage.Internal.MySqlExecutionStrategy.ExecuteAsync[TState,TResult](TState state, Func`4 operation, Func`4 verifySucceeded, CancellationToken cancellationToken)
   at Microsoft.EntityFrameworkCore.DbContext.SaveChangesAsync(Boolean acceptAllChangesOnSuccess, CancellationToken cancellationToken)
   at Microsoft.EntityFrameworkCore.DbContext.SaveChangesAsync(Boolean acceptAllChangesOnSuccess, CancellationToken cancellationToken)
   at Aegis.Services.Services.ConfigSystemUser.StartAsync(CancellationToken cancellation) in /home/admin1/Projects/Aegis/Aegis.Services/Services/ConfigSystemUser.cs:line 116
2026-08-28 00:36:25.836 [ERR] An error occurred during database seeding. Rolling back changes.
Microsoft.EntityFrameworkCore.DbUpdateException: An error occurred while saving the entity changes. See the inner exception for details.
 ---> MySqlConnector.MySqlException (0x80004005): Column 'UnassignedAt' cannot be null
   at MySqlConnector.Core.ServerSession.ReceiveReplyAsync(IOBehavior ioBehavior, CancellationToken cancellationToken) in /_/src/MySqlConnector/Core/ServerSession.cs:line 894
   at MySqlConnector.Core.ResultSet.ReadResultSetHeaderAsync(IOBehavior ioBehavior) in /_/src/MySqlConnector/Core/ResultSet.cs:line 37
   at MySqlConnector.MySqlDataReader.ActivateResultSet(CancellationToken cancellationToken) in /_/src/MySqlConnector/MySqlDataReader.cs:line 130
   at MySqlConnector.MySqlDataReader.InitAsync(CommandListPosition commandListPosition, ICommandPayloadCreator payloadCreator, IDictionary`2 cachedProcedures, IMySqlCommand command, CommandBehavior behavior, Activity activity, IOBehavior ioBehavior, CancellationToken cancellationToken) in /_/src/MySqlConnector/MySqlDataReader.cs:line 483
   at MySqlConnector.Core.CommandExecutor.ExecuteReaderAsync(CommandListPosition commandListPosition, ICommandPayloadCreator payloadCreator, CommandBehavior behavior, Activity activity, IOBehavior ioBehavior, CancellationToken cancellationToken) in /_/src/MySqlConnector/Core/CommandExecutor.cs:line 56
   at MySqlConnector.MySqlCommand.ExecuteReaderAsync(CommandBehavior behavior, IOBehavior ioBehavior, CancellationToken cancellationToken) in /_/src/MySqlConnector/MySqlCommand.cs:line 357
   at MySqlConnector.MySqlCommand.ExecuteDbDataReaderAsync(CommandBehavior behavior, CancellationToken cancellationToken) in /_/src/MySqlConnector/MySqlCommand.cs:line 350
   at Microsoft.EntityFrameworkCore.Storage.RelationalCommand.ExecuteReaderAsync(RelationalCommandParameterObject parameterObject, CancellationToken cancellationToken)
   at Microsoft.EntityFrameworkCore.Storage.RelationalCommand.ExecuteReaderAsync(RelationalCommandParameterObject parameterObject, CancellationToken cancellationToken)
   at Microsoft.EntityFrameworkCore.Update.ReaderModificationCommandBatch.ExecuteAsync(IRelationalConnection connection, CancellationToken cancellationToken)
   --- End of inner exception stack trace ---
   at Microsoft.EntityFrameworkCore.Update.ReaderModificationCommandBatch.ExecuteAsync(IRelationalConnection connection, CancellationToken cancellationToken)
   at Microsoft.EntityFrameworkCore.Update.Internal.BatchExecutor.ExecuteAsync(IEnumerable`1 commandBatches, IRelationalConnection connection, CancellationToken cancellationToken)
   at Microsoft.EntityFrameworkCore.Update.Internal.BatchExecutor.ExecuteAsync(IEnumerable`1 commandBatches, IRelationalConnection connection, CancellationToken cancellationToken)
   at Microsoft.EntityFrameworkCore.Update.Internal.BatchExecutor.ExecuteAsync(IEnumerable`1 commandBatches, IRelationalConnection connection, CancellationToken cancellationToken)
   at Microsoft.EntityFrameworkCore.ChangeTracking.Internal.StateManager.SaveChangesAsync(IList`1 entriesToSave, CancellationToken cancellationToken)
   at Microsoft.EntityFrameworkCore.ChangeTracking.Internal.StateManager.SaveChangesAsync(StateManager stateManager, Boolean acceptAllChangesOnSuccess, CancellationToken cancellationToken)
   at Pomelo.EntityFrameworkCore.MySql.Storage.Internal.MySqlExecutionStrategy.ExecuteAsync[TState,TResult](TState state, Func`4 operation, Func`4 verifySucceeded, CancellationToken cancellationToken)
   at Microsoft.EntityFrameworkCore.DbContext.SaveChangesAsync(Boolean acceptAllChangesOnSuccess, CancellationToken cancellationToken)
   at Microsoft.EntityFrameworkCore.DbContext.SaveChangesAsync(Boolean acceptAllChangesOnSuccess, CancellationToken cancellationToken)
   at Aegis.Services.Services.ConfigSystemUser.StartAsync(CancellationToken cancellation) in /home/admin1/Projects/Aegis/Aegis.Services/Services/ConfigSystemUser.cs:line 116
2026-08-28 00:36:25.951 [ERR] Hosting failed to start
Microsoft.EntityFrameworkCore.DbUpdateException: An error occurred while saving the entity changes. See the inner exception for details.
 ---> MySqlConnector.MySqlException (0x80004005): Column 'UnassignedAt' cannot be null
   at MySqlConnector.Core.ServerSession.ReceiveReplyAsync(IOBehavior ioBehavior, CancellationToken cancellationToken) in /_/src/MySqlConnector/Core/ServerSession.cs:line 894
   at MySqlConnector.Core.ResultSet.ReadResultSetHeaderAsync(IOBehavior ioBehavior) in /_/src/MySqlConnector/Core/ResultSet.cs:line 37
   at MySqlConnector.MySqlDataReader.ActivateResultSet(CancellationToken cancellationToken) in /_/src/MySqlConnector/MySqlDataReader.cs:line 130
   at MySqlConnector.MySqlDataReader.InitAsync(CommandListPosition commandListPosition, ICommandPayloadCreator payloadCreator, IDictionary`2 cachedProcedures, IMySqlCommand command, CommandBehavior behavior, Activity activity, IOBehavior ioBehavior, CancellationToken cancellationToken) in /_/src/MySqlConnector/MySqlDataReader.cs:line 483
   at MySqlConnector.Core.CommandExecutor.ExecuteReaderAsync(CommandListPosition commandListPosition, ICommandPayloadCreator payloadCreator, CommandBehavior behavior, Activity activity, IOBehavior ioBehavior, CancellationToken cancellationToken) in /_/src/MySqlConnector/Core/CommandExecutor.cs:line 56
   at MySqlConnector.MySqlCommand.ExecuteReaderAsync(CommandBehavior behavior, IOBehavior ioBehavior, CancellationToken cancellationToken) in /_/src/MySqlConnector/MySqlCommand.cs:line 357
   at MySqlConnector.MySqlCommand.ExecuteDbDataReaderAsync(CommandBehavior behavior, CancellationToken cancellationToken) in /_/src/MySqlConnector/MySqlCommand.cs:line 350
   at Microsoft.EntityFrameworkCore.Storage.RelationalCommand.ExecuteReaderAsync(RelationalCommandParameterObject parameterObject, CancellationToken cancellationToken)
   at Microsoft.EntityFrameworkCore.Storage.RelationalCommand.ExecuteReaderAsync(RelationalCommandParameterObject parameterObject, CancellationToken cancellationToken)
   at Microsoft.EntityFrameworkCore.Update.ReaderModificationCommandBatch.ExecuteAsync(IRelationalConnection connection, CancellationToken cancellationToken)
   --- End of inner exception stack trace ---
   at Microsoft.EntityFrameworkCore.Update.ReaderModificationCommandBatch.ExecuteAsync(IRelationalConnection connection, CancellationToken cancellationToken)
   at Microsoft.EntityFrameworkCore.Update.Internal.BatchExecutor.ExecuteAsync(IEnumerable`1 commandBatches, IRelationalConnection connection, CancellationToken cancellationToken)
   at Microsoft.EntityFrameworkCore.Update.Internal.BatchExecutor.ExecuteAsync(IEnumerable`1 commandBatches, IRelationalConnection connection, CancellationToken cancellationToken)
   at Microsoft.EntityFrameworkCore.Update.Internal.BatchExecutor.ExecuteAsync(IEnumerable`1 commandBatches, IRelationalConnection connection, CancellationToken cancellationToken)
   at Microsoft.EntityFrameworkCore.ChangeTracking.Internal.StateManager.SaveChangesAsync(IList`1 entriesToSave, CancellationToken cancellationToken)
   at Microsoft.EntityFrameworkCore.ChangeTracking.Internal.StateManager.SaveChangesAsync(StateManager stateManager, Boolean acceptAllChangesOnSuccess, CancellationToken cancellationToken)
   at Pomelo.EntityFrameworkCore.MySql.Storage.Internal.MySqlExecutionStrategy.ExecuteAsync[TState,TResult](TState state, Func`4 operation, Func`4 verifySucceeded, CancellationToken cancellationToken)
   at Microsoft.EntityFrameworkCore.DbContext.SaveChangesAsync(Boolean acceptAllChangesOnSuccess, CancellationToken cancellationToken)
   at Microsoft.EntityFrameworkCore.DbContext.SaveChangesAsync(Boolean acceptAllChangesOnSuccess, CancellationToken cancellationToken)
   at Aegis.Services.Services.ConfigSystemUser.StartAsync(CancellationToken cancellation) in /home/admin1/Projects/Aegis/Aegis.Services/Services/ConfigSystemUser.cs:line 116
   at Aegis.Services.Services.ConfigSystemUser.StartAsync(CancellationToken cancellation) in /home/admin1/Projects/Aegis/Aegis.Services/Services/ConfigSystemUser.cs:line 126
   at Aegis.Services.Services.ConfigSystemUser.StartAsync(CancellationToken cancellation) in /home/admin1/Projects/Aegis/Aegis.Services/Services/ConfigSystemUser.cs:line 127
   at Microsoft.Extensions.Hosting.Internal.Host.<StartAsync>b__15_1(IHostedService service, CancellationToken token)
   at Microsoft.Extensions.Hosting.Internal.Host.ForeachService[T](IEnumerable`1 services, CancellationToken token, Boolean concurrent, Boolean abortOnFirstException, List`1 exceptions, Func`3 operation)
   at Microsoft.Extensions.Hosting.Internal.Host.StartAsync(CancellationToken cancellationToken)
   at Microsoft.Extensions.Hosting.HostingAbstractionsHostExtensions.RunAsync(IHost host, CancellationToken token)
2026-08-28 00:38:55.177 [INF] Starting database seeding process...
2026-08-28 00:39:01.023 [INF] Seeding Super Admin user: codedev90@gmail.com
2026-08-28 00:39:01.577 [INF] Super Admin user created successfully.
2026-08-28 00:39:01.709 [INF] Creating new entity of type JobRole.
2026-08-28 00:39:01.778 [INF] Creating new entity of type ApplicationRole.
2026-08-28 00:39:01.930 [INF] Creating new entity of type Employee.
2026-08-28 00:39:01.974 [INF] Creating new entity of type EmployeeAppRoleMap.
2026-08-28 00:39:02.059 [INF] Added 4 new permissons to Supper ApplicationRole
2026-08-28 00:39:02.178 [ERR] Failed executing DbCommand (13ms) [Parameters=[@p0='?' (DbType = Guid), @p1='?' (Size = 4000), @p2='?' (DbType = Boolean), @p3='?' (Size = 4000), @p4='?' (DbType = Guid), @p5='?' (DbType = Guid), @p6='?' (Size = 4000), @p7='?' (Size = 4000), @p8='?' (DbType = Guid), @p9='?' (DbType = Guid), @p10='?' (DbType = Guid), @p11='?' (DbType = Guid), @p12='?' (DbType = Guid), @p13='?' (DbType = Guid), @p14='?' (DbType = Guid), @p15='?' (DbType = Guid), @p16='?' (DbType = Guid), @p17='?' (DbType = Guid), @p18='?' (DbType = Guid), @p19='?' (DbType = Guid), @p20='?' (DbType = Guid), @p21='?' (DbType = Guid), @p22='?' (Size = 4000), @p23='?' (DbType = DateTime), @p24='?' (DbType = DateTime), @p25='?' (Size = 4000), @p26='?' (Size = 100), @p27='?' (DbType = Int32), @p28='?' (DbType = Boolean), @p29='?' (DbType = Boolean), @p30='?' (DbType = Guid), @p31='?' (DbType = DateTime), @p32='?' (Size = 100), @p33='?' (DbType = Guid), @p34='?' (DbType = DateTime), @p35='?' (Size = 255), @p36='?' (DbType = Guid), @p37='?' (DbType = Guid), @p38='?' (DbType = DateTime), @p39='?' (DbType = Guid), @p40='?' (DbType = Guid), @p41='?' (DbType = Boolean), @p42='?' (DbType = Guid), @p43='?' (DbType = DateTime), @p44='?' (DbType = Guid)], CommandType='"Text"', CommandTimeout='30']
INSERT INTO `ApplicationRoles` (`Id`, `Description`, `IsSystem`, `Name`, `TenantId`)
VALUES (@p0, @p1, @p2, @p3, @p4);
INSERT INTO `JobRoles` (`Id`, `Description`, `Name`, `TenantId`)
VALUES (@p5, @p6, @p7, @p8);
INSERT INTO `ApplicationRolePermissons` (`Id`, `ApplicationRoleId`, `FeaturePermissionId`)
VALUES (@p9, @p10, @p11),
(@p12, @p13, @p14),
(@p15, @p16, @p17),
(@p18, @p19, @p20);
INSERT INTO `Employees` (`Id`, `ContactNumber`, `CreatedAt`, `DateOfBirth`, `Email`, `FirstName`, `Gender`, `IsActive`, `IsSystem`, `JobRoleId`, `JoiningDate`, `LastName`, `TenantId`, `UpdatedAt`, `UserId`)
VALUES (@p21, @p22, @p23, @p24, @p25, @p26, @p27, @p28, @p29, @p30, @p31, @p32, @p33, @p34, @p35);
INSERT INTO `EmployeeAppRoleMaps` (`Id`, `AppRoleId`, `AssignedAt`, `AssignedById`, `EmployeeId`, `IsEnabled`, `TenantId`, `UnassignedAt`, `UnassignedById`)
VALUES (@p36, @p37, @p38, @p39, @p40, @p41, @p42, @p43, @p44);
2026-08-28 00:39:02.254 [ERR] An exception occurred in the database while saving changes for context type 'Aegis.DataAccess.Data.ApplicationDbContext'.
Microsoft.EntityFrameworkCore.DbUpdateException: An error occurred while saving the entity changes. See the inner exception for details.
 ---> MySqlConnector.MySqlException (0x80004005): Column 'AssignedById' cannot be null
   at MySqlConnector.Core.ServerSession.ReceiveReplyAsync(IOBehavior ioBehavior, CancellationToken cancellationToken) in /_/src/MySqlConnector/Core/ServerSession.cs:line 894
   at MySqlConnector.Core.ResultSet.ReadResultSetHeaderAsync(IOBehavior ioBehavior) in /_/src/MySqlConnector/Core/ResultSet.cs:line 37
   at MySqlConnector.MySqlDataReader.ActivateResultSet(CancellationToken cancellationToken) in /_/src/MySqlConnector/MySqlDataReader.cs:line 130
   at MySqlConnector.MySqlDataReader.InitAsync(CommandListPosition commandListPosition, ICommandPayloadCreator payloadCreator, IDictionary`2 cachedProcedures, IMySqlCommand command, CommandBehavior behavior, Activity activity, IOBehavior ioBehavior, CancellationToken cancellationToken) in /_/src/MySqlConnector/MySqlDataReader.cs:line 483
   at MySqlConnector.Core.CommandExecutor.ExecuteReaderAsync(CommandListPosition commandListPosition, ICommandPayloadCreator payloadCreator, CommandBehavior behavior, Activity activity, IOBehavior ioBehavior, CancellationToken cancellationToken) in /_/src/MySqlConnector/Core/CommandExecutor.cs:line 56
   at MySqlConnector.MySqlCommand.ExecuteReaderAsync(CommandBehavior behavior, IOBehavior ioBehavior, CancellationToken cancellationToken) in /_/src/MySqlConnector/MySqlCommand.cs:line 357
   at MySqlConnector.MySqlCommand.ExecuteDbDataReaderAsync(CommandBehavior behavior, CancellationToken cancellationToken) in /_/src/MySqlConnector/MySqlCommand.cs:line 350
   at Microsoft.EntityFrameworkCore.Storage.RelationalCommand.ExecuteReaderAsync(RelationalCommandParameterObject parameterObject, CancellationToken cancellationToken)
   at Microsoft.EntityFrameworkCore.Storage.RelationalCommand.ExecuteReaderAsync(RelationalCommandParameterObject parameterObject, CancellationToken cancellationToken)
   at Microsoft.EntityFrameworkCore.Update.ReaderModificationCommandBatch.ExecuteAsync(IRelationalConnection connection, CancellationToken cancellationToken)
   --- End of inner exception stack trace ---
   at Microsoft.EntityFrameworkCore.Update.ReaderModificationCommandBatch.ExecuteAsync(IRelationalConnection connection, CancellationToken cancellationToken)
   at Microsoft.EntityFrameworkCore.Update.Internal.BatchExecutor.ExecuteAsync(IEnumerable`1 commandBatches, IRelationalConnection connection, CancellationToken cancellationToken)
   at Microsoft.EntityFrameworkCore.Update.Internal.BatchExecutor.ExecuteAsync(IEnumerable`1 commandBatches, IRelationalConnection connection, CancellationToken cancellationToken)
   at Microsoft.EntityFrameworkCore.Update.Internal.BatchExecutor.ExecuteAsync(IEnumerable`1 commandBatches, IRelationalConnection connection, CancellationToken cancellationToken)
   at Microsoft.EntityFrameworkCore.ChangeTracking.Internal.StateManager.SaveChangesAsync(IList`1 entriesToSave, CancellationToken cancellationToken)
   at Microsoft.EntityFrameworkCore.ChangeTracking.Internal.StateManager.SaveChangesAsync(StateManager stateManager, Boolean acceptAllChangesOnSuccess, CancellationToken cancellationToken)
   at Pomelo.EntityFrameworkCore.MySql.Storage.Internal.MySqlExecutionStrategy.ExecuteAsync[TState,TResult](TState state, Func`4 operation, Func`4 verifySucceeded, CancellationToken cancellationToken)
   at Microsoft.EntityFrameworkCore.DbContext.SaveChangesAsync(Boolean acceptAllChangesOnSuccess, CancellationToken cancellationToken)
Microsoft.EntityFrameworkCore.DbUpdateException: An error occurred while saving the entity changes. See the inner exception for details.
 ---> MySqlConnector.MySqlException (0x80004005): Column 'AssignedById' cannot be null
   at MySqlConnector.Core.ServerSession.ReceiveReplyAsync(IOBehavior ioBehavior, CancellationToken cancellationToken) in /_/src/MySqlConnector/Core/ServerSession.cs:line 894
   at MySqlConnector.Core.ResultSet.ReadResultSetHeaderAsync(IOBehavior ioBehavior) in /_/src/MySqlConnector/Core/ResultSet.cs:line 37
   at MySqlConnector.MySqlDataReader.ActivateResultSet(CancellationToken cancellationToken) in /_/src/MySqlConnector/MySqlDataReader.cs:line 130
   at MySqlConnector.MySqlDataReader.InitAsync(CommandListPosition commandListPosition, ICommandPayloadCreator payloadCreator, IDictionary`2 cachedProcedures, IMySqlCommand command, CommandBehavior behavior, Activity activity, IOBehavior ioBehavior, CancellationToken cancellationToken) in /_/src/MySqlConnector/MySqlDataReader.cs:line 483
   at MySqlConnector.Core.CommandExecutor.ExecuteReaderAsync(CommandListPosition commandListPosition, ICommandPayloadCreator payloadCreator, CommandBehavior behavior, Activity activity, IOBehavior ioBehavior, CancellationToken cancellationToken) in /_/src/MySqlConnector/Core/CommandExecutor.cs:line 56
   at MySqlConnector.MySqlCommand.ExecuteReaderAsync(CommandBehavior behavior, IOBehavior ioBehavior, CancellationToken cancellationToken) in /_/src/MySqlConnector/MySqlCommand.cs:line 357
   at MySqlConnector.MySqlCommand.ExecuteDbDataReaderAsync(CommandBehavior behavior, CancellationToken cancellationToken) in /_/src/MySqlConnector/MySqlCommand.cs:line 350
   at Microsoft.EntityFrameworkCore.Storage.RelationalCommand.ExecuteReaderAsync(RelationalCommandParameterObject parameterObject, CancellationToken cancellationToken)
   at Microsoft.EntityFrameworkCore.Storage.RelationalCommand.ExecuteReaderAsync(RelationalCommandParameterObject parameterObject, CancellationToken cancellationToken)
   at Microsoft.EntityFrameworkCore.Update.ReaderModificationCommandBatch.ExecuteAsync(IRelationalConnection connection, CancellationToken cancellationToken)
   --- End of inner exception stack trace ---
   at Microsoft.EntityFrameworkCore.Update.ReaderModificationCommandBatch.ExecuteAsync(IRelationalConnection connection, CancellationToken cancellationToken)
   at Microsoft.EntityFrameworkCore.Update.Internal.BatchExecutor.ExecuteAsync(IEnumerable`1 commandBatches, IRelationalConnection connection, CancellationToken cancellationToken)
   at Microsoft.EntityFrameworkCore.Update.Internal.BatchExecutor.ExecuteAsync(IEnumerable`1 commandBatches, IRelationalConnection connection, CancellationToken cancellationToken)
   at Microsoft.EntityFrameworkCore.Update.Internal.BatchExecutor.ExecuteAsync(IEnumerable`1 commandBatches, IRelationalConnection connection, CancellationToken cancellationToken)
   at Microsoft.EntityFrameworkCore.ChangeTracking.Internal.StateManager.SaveChangesAsync(IList`1 entriesToSave, CancellationToken cancellationToken)
   at Microsoft.EntityFrameworkCore.ChangeTracking.Internal.StateManager.SaveChangesAsync(StateManager stateManager, Boolean acceptAllChangesOnSuccess, CancellationToken cancellationToken)
   at Pomelo.EntityFrameworkCore.MySql.Storage.Internal.MySqlExecutionStrategy.ExecuteAsync[TState,TResult](TState state, Func`4 operation, Func`4 verifySucceeded, CancellationToken cancellationToken)
   at Microsoft.EntityFrameworkCore.DbContext.SaveChangesAsync(Boolean acceptAllChangesOnSuccess, CancellationToken cancellationToken)
   at Microsoft.EntityFrameworkCore.DbContext.SaveChangesAsync(Boolean acceptAllChangesOnSuccess, CancellationToken cancellationToken)
   at Aegis.Services.Services.ConfigSystemUser.StartAsync(CancellationToken cancellation) in /home/admin1/Projects/Aegis/Aegis.Services/Services/ConfigSystemUser.cs:line 119
2026-08-28 00:39:02.270 [ERR] An error occurred during database seeding. Rolling back changes.
Microsoft.EntityFrameworkCore.DbUpdateException: An error occurred while saving the entity changes. See the inner exception for details.
 ---> MySqlConnector.MySqlException (0x80004005): Column 'AssignedById' cannot be null
   at MySqlConnector.Core.ServerSession.ReceiveReplyAsync(IOBehavior ioBehavior, CancellationToken cancellationToken) in /_/src/MySqlConnector/Core/ServerSession.cs:line 894
   at MySqlConnector.Core.ResultSet.ReadResultSetHeaderAsync(IOBehavior ioBehavior) in /_/src/MySqlConnector/Core/ResultSet.cs:line 37
   at MySqlConnector.MySqlDataReader.ActivateResultSet(CancellationToken cancellationToken) in /_/src/MySqlConnector/MySqlDataReader.cs:line 130
   at MySqlConnector.MySqlDataReader.InitAsync(CommandListPosition commandListPosition, ICommandPayloadCreator payloadCreator, IDictionary`2 cachedProcedures, IMySqlCommand command, CommandBehavior behavior, Activity activity, IOBehavior ioBehavior, CancellationToken cancellationToken) in /_/src/MySqlConnector/MySqlDataReader.cs:line 483
   at MySqlConnector.Core.CommandExecutor.ExecuteReaderAsync(CommandListPosition commandListPosition, ICommandPayloadCreator payloadCreator, CommandBehavior behavior, Activity activity, IOBehavior ioBehavior, CancellationToken cancellationToken) in /_/src/MySqlConnector/Core/CommandExecutor.cs:line 56
   at MySqlConnector.MySqlCommand.ExecuteReaderAsync(CommandBehavior behavior, IOBehavior ioBehavior, CancellationToken cancellationToken) in /_/src/MySqlConnector/MySqlCommand.cs:line 357
   at MySqlConnector.MySqlCommand.ExecuteDbDataReaderAsync(CommandBehavior behavior, CancellationToken cancellationToken) in /_/src/MySqlConnector/MySqlCommand.cs:line 350
   at Microsoft.EntityFrameworkCore.Storage.RelationalCommand.ExecuteReaderAsync(RelationalCommandParameterObject parameterObject, CancellationToken cancellationToken)
   at Microsoft.EntityFrameworkCore.Storage.RelationalCommand.ExecuteReaderAsync(RelationalCommandParameterObject parameterObject, CancellationToken cancellationToken)
   at Microsoft.EntityFrameworkCore.Update.ReaderModificationCommandBatch.ExecuteAsync(IRelationalConnection connection, CancellationToken cancellationToken)
   --- End of inner exception stack trace ---
   at Microsoft.EntityFrameworkCore.Update.ReaderModificationCommandBatch.ExecuteAsync(IRelationalConnection connection, CancellationToken cancellationToken)
   at Microsoft.EntityFrameworkCore.Update.Internal.BatchExecutor.ExecuteAsync(IEnumerable`1 commandBatches, IRelationalConnection connection, CancellationToken cancellationToken)
   at Microsoft.EntityFrameworkCore.Update.Internal.BatchExecutor.ExecuteAsync(IEnumerable`1 commandBatches, IRelationalConnection connection, CancellationToken cancellationToken)
   at Microsoft.EntityFrameworkCore.Update.Internal.BatchExecutor.ExecuteAsync(IEnumerable`1 commandBatches, IRelationalConnection connection, CancellationToken cancellationToken)
   at Microsoft.EntityFrameworkCore.ChangeTracking.Internal.StateManager.SaveChangesAsync(IList`1 entriesToSave, CancellationToken cancellationToken)
   at Microsoft.EntityFrameworkCore.ChangeTracking.Internal.StateManager.SaveChangesAsync(StateManager stateManager, Boolean acceptAllChangesOnSuccess, CancellationToken cancellationToken)
   at Pomelo.EntityFrameworkCore.MySql.Storage.Internal.MySqlExecutionStrategy.ExecuteAsync[TState,TResult](TState state, Func`4 operation, Func`4 verifySucceeded, CancellationToken cancellationToken)
   at Microsoft.EntityFrameworkCore.DbContext.SaveChangesAsync(Boolean acceptAllChangesOnSuccess, CancellationToken cancellationToken)
   at Microsoft.EntityFrameworkCore.DbContext.SaveChangesAsync(Boolean acceptAllChangesOnSuccess, CancellationToken cancellationToken)
   at Aegis.Services.Services.ConfigSystemUser.StartAsync(CancellationToken cancellation) in /home/admin1/Projects/Aegis/Aegis.Services/Services/ConfigSystemUser.cs:line 119
2026-08-28 00:39:02.360 [ERR] Hosting failed to start
Microsoft.EntityFrameworkCore.DbUpdateException: An error occurred while saving the entity changes. See the inner exception for details.
 ---> MySqlConnector.MySqlException (0x80004005): Column 'AssignedById' cannot be null
   at MySqlConnector.Core.ServerSession.ReceiveReplyAsync(IOBehavior ioBehavior, CancellationToken cancellationToken) in /_/src/MySqlConnector/Core/ServerSession.cs:line 894
   at MySqlConnector.Core.ResultSet.ReadResultSetHeaderAsync(IOBehavior ioBehavior) in /_/src/MySqlConnector/Core/ResultSet.cs:line 37
   at MySqlConnector.MySqlDataReader.ActivateResultSet(CancellationToken cancellationToken) in /_/src/MySqlConnector/MySqlDataReader.cs:line 130
   at MySqlConnector.MySqlDataReader.InitAsync(CommandListPosition commandListPosition, ICommandPayloadCreator payloadCreator, IDictionary`2 cachedProcedures, IMySqlCommand command, CommandBehavior behavior, Activity activity, IOBehavior ioBehavior, CancellationToken cancellationToken) in /_/src/MySqlConnector/MySqlDataReader.cs:line 483
   at MySqlConnector.Core.CommandExecutor.ExecuteReaderAsync(CommandListPosition commandListPosition, ICommandPayloadCreator payloadCreator, CommandBehavior behavior, Activity activity, IOBehavior ioBehavior, CancellationToken cancellationToken) in /_/src/MySqlConnector/Core/CommandExecutor.cs:line 56
   at MySqlConnector.MySqlCommand.ExecuteReaderAsync(CommandBehavior behavior, IOBehavior ioBehavior, CancellationToken cancellationToken) in /_/src/MySqlConnector/MySqlCommand.cs:line 357
   at MySqlConnector.MySqlCommand.ExecuteDbDataReaderAsync(CommandBehavior behavior, CancellationToken cancellationToken) in /_/src/MySqlConnector/MySqlCommand.cs:line 350
   at Microsoft.EntityFrameworkCore.Storage.RelationalCommand.ExecuteReaderAsync(RelationalCommandParameterObject parameterObject, CancellationToken cancellationToken)
   at Microsoft.EntityFrameworkCore.Storage.RelationalCommand.ExecuteReaderAsync(RelationalCommandParameterObject parameterObject, CancellationToken cancellationToken)
   at Microsoft.EntityFrameworkCore.Update.ReaderModificationCommandBatch.ExecuteAsync(IRelationalConnection connection, CancellationToken cancellationToken)
   --- End of inner exception stack trace ---
   at Microsoft.EntityFrameworkCore.Update.ReaderModificationCommandBatch.ExecuteAsync(IRelationalConnection connection, CancellationToken cancellationToken)
   at Microsoft.EntityFrameworkCore.Update.Internal.BatchExecutor.ExecuteAsync(IEnumerable`1 commandBatches, IRelationalConnection connection, CancellationToken cancellationToken)
   at Microsoft.EntityFrameworkCore.Update.Internal.BatchExecutor.ExecuteAsync(IEnumerable`1 commandBatches, IRelationalConnection connection, CancellationToken cancellationToken)
   at Microsoft.EntityFrameworkCore.Update.Internal.BatchExecutor.ExecuteAsync(IEnumerable`1 commandBatches, IRelationalConnection connection, CancellationToken cancellationToken)
   at Microsoft.EntityFrameworkCore.ChangeTracking.Internal.StateManager.SaveChangesAsync(IList`1 entriesToSave, CancellationToken cancellationToken)
   at Microsoft.EntityFrameworkCore.ChangeTracking.Internal.StateManager.SaveChangesAsync(StateManager stateManager, Boolean acceptAllChangesOnSuccess, CancellationToken cancellationToken)
   at Pomelo.EntityFrameworkCore.MySql.Storage.Internal.MySqlExecutionStrategy.ExecuteAsync[TState,TResult](TState state, Func`4 operation, Func`4 verifySucceeded, CancellationToken cancellationToken)
   at Microsoft.EntityFrameworkCore.DbContext.SaveChangesAsync(Boolean acceptAllChangesOnSuccess, CancellationToken cancellationToken)
   at Microsoft.EntityFrameworkCore.DbContext.SaveChangesAsync(Boolean acceptAllChangesOnSuccess, CancellationToken cancellationToken)
   at Aegis.Services.Services.ConfigSystemUser.StartAsync(CancellationToken cancellation) in /home/admin1/Projects/Aegis/Aegis.Services/Services/ConfigSystemUser.cs:line 119
   at Aegis.Services.Services.ConfigSystemUser.StartAsync(CancellationToken cancellation) in /home/admin1/Projects/Aegis/Aegis.Services/Services/ConfigSystemUser.cs:line 129
   at Aegis.Services.Services.ConfigSystemUser.StartAsync(CancellationToken cancellation) in /home/admin1/Projects/Aegis/Aegis.Services/Services/ConfigSystemUser.cs:line 130
   at Microsoft.Extensions.Hosting.Internal.Host.<StartAsync>b__15_1(IHostedService service, CancellationToken token)
   at Microsoft.Extensions.Hosting.Internal.Host.ForeachService[T](IEnumerable`1 services, CancellationToken token, Boolean concurrent, Boolean abortOnFirstException, List`1 exceptions, Func`3 operation)
   at Microsoft.Extensions.Hosting.Internal.Host.StartAsync(CancellationToken cancellationToken)
   at Microsoft.Extensions.Hosting.HostingAbstractionsHostExtensions.RunAsync(IHost host, CancellationToken token)
2026-08-28 00:40:39.918 [INF] Starting database seeding process...
2026-08-28 00:40:49.776 [INF] Seeding Super Admin user: codedev90@gmail.com
2026-08-28 00:40:50.197 [INF] Super Admin user created successfully.
2026-08-28 00:40:50.301 [INF] Creating new entity of type JobRole.
2026-08-28 00:40:50.389 [INF] Creating new entity of type ApplicationRole.
2026-08-28 00:40:50.458 [INF] Creating new entity of type Employee.
2026-08-28 00:40:50.553 [INF] Creating new entity of type EmployeeAppRoleMap.
2026-08-28 00:40:50.730 [INF] Added 4 new permissons to Supper ApplicationRole
2026-08-28 00:40:50.858 [ERR] Failed executing DbCommand (28ms) [Parameters=[@p0='?' (DbType = Guid), @p1='?' (Size = 4000), @p2='?' (DbType = Boolean), @p3='?' (Size = 4000), @p4='?' (DbType = Guid), @p5='?' (DbType = Guid), @p6='?' (Size = 4000), @p7='?' (Size = 4000), @p8='?' (DbType = Guid), @p9='?' (DbType = Guid), @p10='?' (DbType = Guid), @p11='?' (DbType = Guid), @p12='?' (DbType = Guid), @p13='?' (DbType = Guid), @p14='?' (DbType = Guid), @p15='?' (DbType = Guid), @p16='?' (DbType = Guid), @p17='?' (DbType = Guid), @p18='?' (DbType = Guid), @p19='?' (DbType = Guid), @p20='?' (DbType = Guid), @p21='?' (DbType = Guid), @p22='?' (Size = 4000), @p23='?' (DbType = DateTime), @p24='?' (DbType = DateTime), @p25='?' (Size = 4000), @p26='?' (Size = 100), @p27='?' (DbType = Int32), @p28='?' (DbType = Boolean), @p29='?' (DbType = Boolean), @p30='?' (DbType = Guid), @p31='?' (DbType = DateTime), @p32='?' (Size = 100), @p33='?' (DbType = Guid), @p34='?' (DbType = DateTime), @p35='?' (Size = 255), @p36='?' (DbType = Guid), @p37='?' (DbType = Guid), @p38='?' (DbType = DateTime), @p39='?' (DbType = Guid), @p40='?' (DbType = Guid), @p41='?' (DbType = Boolean), @p42='?' (DbType = Guid), @p43='?' (DbType = DateTime), @p44='?' (DbType = Guid)], CommandType='"Text"', CommandTimeout='30']
INSERT INTO `ApplicationRoles` (`Id`, `Description`, `IsSystem`, `Name`, `TenantId`)
VALUES (@p0, @p1, @p2, @p3, @p4);
INSERT INTO `JobRoles` (`Id`, `Description`, `Name`, `TenantId`)
VALUES (@p5, @p6, @p7, @p8);
INSERT INTO `ApplicationRolePermissons` (`Id`, `ApplicationRoleId`, `FeaturePermissionId`)
VALUES (@p9, @p10, @p11),
(@p12, @p13, @p14),
(@p15, @p16, @p17),
(@p18, @p19, @p20);
INSERT INTO `Employees` (`Id`, `ContactNumber`, `CreatedAt`, `DateOfBirth`, `Email`, `FirstName`, `Gender`, `IsActive`, `IsSystem`, `JobRoleId`, `JoiningDate`, `LastName`, `TenantId`, `UpdatedAt`, `UserId`)
VALUES (@p21, @p22, @p23, @p24, @p25, @p26, @p27, @p28, @p29, @p30, @p31, @p32, @p33, @p34, @p35);
INSERT INTO `EmployeeAppRoleMaps` (`Id`, `AppRoleId`, `AssignedAt`, `AssignedById`, `EmployeeId`, `IsEnabled`, `TenantId`, `UnassignedAt`, `UnassignedById`)
VALUES (@p36, @p37, @p38, @p39, @p40, @p41, @p42, @p43, @p44);
2026-08-28 00:40:50.949 [ERR] An exception occurred in the database while saving changes for context type 'Aegis.DataAccess.Data.ApplicationDbContext'.
Microsoft.EntityFrameworkCore.DbUpdateException: An error occurred while saving the entity changes. See the inner exception for details.
 ---> MySqlConnector.MySqlException (0x80004005): Column 'UnassignedAt' cannot be null
   at MySqlConnector.Core.ServerSession.ReceiveReplyAsync(IOBehavior ioBehavior, CancellationToken cancellationToken) in /_/src/MySqlConnector/Core/ServerSession.cs:line 894
   at MySqlConnector.Core.ResultSet.ReadResultSetHeaderAsync(IOBehavior ioBehavior) in /_/src/MySqlConnector/Core/ResultSet.cs:line 37
   at MySqlConnector.MySqlDataReader.ActivateResultSet(CancellationToken cancellationToken) in /_/src/MySqlConnector/MySqlDataReader.cs:line 130
   at MySqlConnector.MySqlDataReader.InitAsync(CommandListPosition commandListPosition, ICommandPayloadCreator payloadCreator, IDictionary`2 cachedProcedures, IMySqlCommand command, CommandBehavior behavior, Activity activity, IOBehavior ioBehavior, CancellationToken cancellationToken) in /_/src/MySqlConnector/MySqlDataReader.cs:line 483
   at MySqlConnector.Core.CommandExecutor.ExecuteReaderAsync(CommandListPosition commandListPosition, ICommandPayloadCreator payloadCreator, CommandBehavior behavior, Activity activity, IOBehavior ioBehavior, CancellationToken cancellationToken) in /_/src/MySqlConnector/Core/CommandExecutor.cs:line 56
   at MySqlConnector.MySqlCommand.ExecuteReaderAsync(CommandBehavior behavior, IOBehavior ioBehavior, CancellationToken cancellationToken) in /_/src/MySqlConnector/MySqlCommand.cs:line 357
   at MySqlConnector.MySqlCommand.ExecuteDbDataReaderAsync(CommandBehavior behavior, CancellationToken cancellationToken) in /_/src/MySqlConnector/MySqlCommand.cs:line 350
   at Microsoft.EntityFrameworkCore.Storage.RelationalCommand.ExecuteReaderAsync(RelationalCommandParameterObject parameterObject, CancellationToken cancellationToken)
   at Microsoft.EntityFrameworkCore.Storage.RelationalCommand.ExecuteReaderAsync(RelationalCommandParameterObject parameterObject, CancellationToken cancellationToken)
   at Microsoft.EntityFrameworkCore.Update.ReaderModificationCommandBatch.ExecuteAsync(IRelationalConnection connection, CancellationToken cancellationToken)
   --- End of inner exception stack trace ---
   at Microsoft.EntityFrameworkCore.Update.ReaderModificationCommandBatch.ExecuteAsync(IRelationalConnection connection, CancellationToken cancellationToken)
   at Microsoft.EntityFrameworkCore.Update.Internal.BatchExecutor.ExecuteAsync(IEnumerable`1 commandBatches, IRelationalConnection connection, CancellationToken cancellationToken)
   at Microsoft.EntityFrameworkCore.Update.Internal.BatchExecutor.ExecuteAsync(IEnumerable`1 commandBatches, IRelationalConnection connection, CancellationToken cancellationToken)
   at Microsoft.EntityFrameworkCore.Update.Internal.BatchExecutor.ExecuteAsync(IEnumerable`1 commandBatches, IRelationalConnection connection, CancellationToken cancellationToken)
   at Microsoft.EntityFrameworkCore.ChangeTracking.Internal.StateManager.SaveChangesAsync(IList`1 entriesToSave, CancellationToken cancellationToken)
   at Microsoft.EntityFrameworkCore.ChangeTracking.Internal.StateManager.SaveChangesAsync(StateManager stateManager, Boolean acceptAllChangesOnSuccess, CancellationToken cancellationToken)
   at Pomelo.EntityFrameworkCore.MySql.Storage.Internal.MySqlExecutionStrategy.ExecuteAsync[TState,TResult](TState state, Func`4 operation, Func`4 verifySucceeded, CancellationToken cancellationToken)
   at Microsoft.EntityFrameworkCore.DbContext.SaveChangesAsync(Boolean acceptAllChangesOnSuccess, CancellationToken cancellationToken)
Microsoft.EntityFrameworkCore.DbUpdateException: An error occurred while saving the entity changes. See the inner exception for details.
 ---> MySqlConnector.MySqlException (0x80004005): Column 'UnassignedAt' cannot be null
   at MySqlConnector.Core.ServerSession.ReceiveReplyAsync(IOBehavior ioBehavior, CancellationToken cancellationToken) in /_/src/MySqlConnector/Core/ServerSession.cs:line 894
   at MySqlConnector.Core.ResultSet.ReadResultSetHeaderAsync(IOBehavior ioBehavior) in /_/src/MySqlConnector/Core/ResultSet.cs:line 37
   at MySqlConnector.MySqlDataReader.ActivateResultSet(CancellationToken cancellationToken) in /_/src/MySqlConnector/MySqlDataReader.cs:line 130
   at MySqlConnector.MySqlDataReader.InitAsync(CommandListPosition commandListPosition, ICommandPayloadCreator payloadCreator, IDictionary`2 cachedProcedures, IMySqlCommand command, CommandBehavior behavior, Activity activity, IOBehavior ioBehavior, CancellationToken cancellationToken) in /_/src/MySqlConnector/MySqlDataReader.cs:line 483
   at MySqlConnector.Core.CommandExecutor.ExecuteReaderAsync(CommandListPosition commandListPosition, ICommandPayloadCreator payloadCreator, CommandBehavior behavior, Activity activity, IOBehavior ioBehavior, CancellationToken cancellationToken) in /_/src/MySqlConnector/Core/CommandExecutor.cs:line 56
   at MySqlConnector.MySqlCommand.ExecuteReaderAsync(CommandBehavior behavior, IOBehavior ioBehavior, CancellationToken cancellationToken) in /_/src/MySqlConnector/MySqlCommand.cs:line 357
   at MySqlConnector.MySqlCommand.ExecuteDbDataReaderAsync(CommandBehavior behavior, CancellationToken cancellationToken) in /_/src/MySqlConnector/MySqlCommand.cs:line 350
   at Microsoft.EntityFrameworkCore.Storage.RelationalCommand.ExecuteReaderAsync(RelationalCommandParameterObject parameterObject, CancellationToken cancellationToken)
   at Microsoft.EntityFrameworkCore.Storage.RelationalCommand.ExecuteReaderAsync(RelationalCommandParameterObject parameterObject, CancellationToken cancellationToken)
   at Microsoft.EntityFrameworkCore.Update.ReaderModificationCommandBatch.ExecuteAsync(IRelationalConnection connection, CancellationToken cancellationToken)
   --- End of inner exception stack trace ---
   at Microsoft.EntityFrameworkCore.Update.ReaderModificationCommandBatch.ExecuteAsync(IRelationalConnection connection, CancellationToken cancellationToken)
   at Microsoft.EntityFrameworkCore.Update.Internal.BatchExecutor.ExecuteAsync(IEnumerable`1 commandBatches, IRelationalConnection connection, CancellationToken cancellationToken)
   at Microsoft.EntityFrameworkCore.Update.Internal.BatchExecutor.ExecuteAsync(IEnumerable`1 commandBatches, IRelationalConnection connection, CancellationToken cancellationToken)
   at Microsoft.EntityFrameworkCore.Update.Internal.BatchExecutor.ExecuteAsync(IEnumerable`1 commandBatches, IRelationalConnection connection, CancellationToken cancellationToken)
   at Microsoft.EntityFrameworkCore.ChangeTracking.Internal.StateManager.SaveChangesAsync(IList`1 entriesToSave, CancellationToken cancellationToken)
   at Microsoft.EntityFrameworkCore.ChangeTracking.Internal.StateManager.SaveChangesAsync(StateManager stateManager, Boolean acceptAllChangesOnSuccess, CancellationToken cancellationToken)
   at Pomelo.EntityFrameworkCore.MySql.Storage.Internal.MySqlExecutionStrategy.ExecuteAsync[TState,TResult](TState state, Func`4 operation, Func`4 verifySucceeded, CancellationToken cancellationToken)
   at Microsoft.EntityFrameworkCore.DbContext.SaveChangesAsync(Boolean acceptAllChangesOnSuccess, CancellationToken cancellationToken)
   at Microsoft.EntityFrameworkCore.DbContext.SaveChangesAsync(Boolean acceptAllChangesOnSuccess, CancellationToken cancellationToken)
   at Aegis.Services.Services.ConfigSystemUser.StartAsync(CancellationToken cancellation) in /home/admin1/Projects/Aegis/Aegis.Services/Services/ConfigSystemUser.cs:line 119
2026-08-28 00:40:50.990 [ERR] An error occurred during database seeding. Rolling back changes.
Microsoft.EntityFrameworkCore.DbUpdateException: An error occurred while saving the entity changes. See the inner exception for details.
 ---> MySqlConnector.MySqlException (0x80004005): Column 'UnassignedAt' cannot be null
   at MySqlConnector.Core.ServerSession.ReceiveReplyAsync(IOBehavior ioBehavior, CancellationToken cancellationToken) in /_/src/MySqlConnector/Core/ServerSession.cs:line 894
   at MySqlConnector.Core.ResultSet.ReadResultSetHeaderAsync(IOBehavior ioBehavior) in /_/src/MySqlConnector/Core/ResultSet.cs:line 37
   at MySqlConnector.MySqlDataReader.ActivateResultSet(CancellationToken cancellationToken) in /_/src/MySqlConnector/MySqlDataReader.cs:line 130
   at MySqlConnector.MySqlDataReader.InitAsync(CommandListPosition commandListPosition, ICommandPayloadCreator payloadCreator, IDictionary`2 cachedProcedures, IMySqlCommand command, CommandBehavior behavior, Activity activity, IOBehavior ioBehavior, CancellationToken cancellationToken) in /_/src/MySqlConnector/MySqlDataReader.cs:line 483
   at MySqlConnector.Core.CommandExecutor.ExecuteReaderAsync(CommandListPosition commandListPosition, ICommandPayloadCreator payloadCreator, CommandBehavior behavior, Activity activity, IOBehavior ioBehavior, CancellationToken cancellationToken) in /_/src/MySqlConnector/Core/CommandExecutor.cs:line 56
   at MySqlConnector.MySqlCommand.ExecuteReaderAsync(CommandBehavior behavior, IOBehavior ioBehavior, CancellationToken cancellationToken) in /_/src/MySqlConnector/MySqlCommand.cs:line 357
   at MySqlConnector.MySqlCommand.ExecuteDbDataReaderAsync(CommandBehavior behavior, CancellationToken cancellationToken) in /_/src/MySqlConnector/MySqlCommand.cs:line 350
   at Microsoft.EntityFrameworkCore.Storage.RelationalCommand.ExecuteReaderAsync(RelationalCommandParameterObject parameterObject, CancellationToken cancellationToken)
   at Microsoft.EntityFrameworkCore.Storage.RelationalCommand.ExecuteReaderAsync(RelationalCommandParameterObject parameterObject, CancellationToken cancellationToken)
   at Microsoft.EntityFrameworkCore.Update.ReaderModificationCommandBatch.ExecuteAsync(IRelationalConnection connection, CancellationToken cancellationToken)
   --- End of inner exception stack trace ---
   at Microsoft.EntityFrameworkCore.Update.ReaderModificationCommandBatch.ExecuteAsync(IRelationalConnection connection, CancellationToken cancellationToken)
   at Microsoft.EntityFrameworkCore.Update.Internal.BatchExecutor.ExecuteAsync(IEnumerable`1 commandBatches, IRelationalConnection connection, CancellationToken cancellationToken)
   at Microsoft.EntityFrameworkCore.Update.Internal.BatchExecutor.ExecuteAsync(IEnumerable`1 commandBatches, IRelationalConnection connection, CancellationToken cancellationToken)
   at Microsoft.EntityFrameworkCore.Update.Internal.BatchExecutor.ExecuteAsync(IEnumerable`1 commandBatches, IRelationalConnection connection, CancellationToken cancellationToken)
   at Microsoft.EntityFrameworkCore.ChangeTracking.Internal.StateManager.SaveChangesAsync(IList`1 entriesToSave, CancellationToken cancellationToken)
   at Microsoft.EntityFrameworkCore.ChangeTracking.Internal.StateManager.SaveChangesAsync(StateManager stateManager, Boolean acceptAllChangesOnSuccess, CancellationToken cancellationToken)
   at Pomelo.EntityFrameworkCore.MySql.Storage.Internal.MySqlExecutionStrategy.ExecuteAsync[TState,TResult](TState state, Func`4 operation, Func`4 verifySucceeded, CancellationToken cancellationToken)
   at Microsoft.EntityFrameworkCore.DbContext.SaveChangesAsync(Boolean acceptAllChangesOnSuccess, CancellationToken cancellationToken)
   at Microsoft.EntityFrameworkCore.DbContext.SaveChangesAsync(Boolean acceptAllChangesOnSuccess, CancellationToken cancellationToken)
   at Aegis.Services.Services.ConfigSystemUser.StartAsync(CancellationToken cancellation) in /home/admin1/Projects/Aegis/Aegis.Services/Services/ConfigSystemUser.cs:line 119
2026-08-28 00:40:51.086 [ERR] Hosting failed to start
Microsoft.EntityFrameworkCore.DbUpdateException: An error occurred while saving the entity changes. See the inner exception for details.
 ---> MySqlConnector.MySqlException (0x80004005): Column 'UnassignedAt' cannot be null
   at MySqlConnector.Core.ServerSession.ReceiveReplyAsync(IOBehavior ioBehavior, CancellationToken cancellationToken) in /_/src/MySqlConnector/Core/ServerSession.cs:line 894
   at MySqlConnector.Core.ResultSet.ReadResultSetHeaderAsync(IOBehavior ioBehavior) in /_/src/MySqlConnector/Core/ResultSet.cs:line 37
   at MySqlConnector.MySqlDataReader.ActivateResultSet(CancellationToken cancellationToken) in /_/src/MySqlConnector/MySqlDataReader.cs:line 130
   at MySqlConnector.MySqlDataReader.InitAsync(CommandListPosition commandListPosition, ICommandPayloadCreator payloadCreator, IDictionary`2 cachedProcedures, IMySqlCommand command, CommandBehavior behavior, Activity activity, IOBehavior ioBehavior, CancellationToken cancellationToken) in /_/src/MySqlConnector/MySqlDataReader.cs:line 483
   at MySqlConnector.Core.CommandExecutor.ExecuteReaderAsync(CommandListPosition commandListPosition, ICommandPayloadCreator payloadCreator, CommandBehavior behavior, Activity activity, IOBehavior ioBehavior, CancellationToken cancellationToken) in /_/src/MySqlConnector/Core/CommandExecutor.cs:line 56
   at MySqlConnector.MySqlCommand.ExecuteReaderAsync(CommandBehavior behavior, IOBehavior ioBehavior, CancellationToken cancellationToken) in /_/src/MySqlConnector/MySqlCommand.cs:line 357
   at MySqlConnector.MySqlCommand.ExecuteDbDataReaderAsync(CommandBehavior behavior, CancellationToken cancellationToken) in /_/src/MySqlConnector/MySqlCommand.cs:line 350
   at Microsoft.EntityFrameworkCore.Storage.RelationalCommand.ExecuteReaderAsync(RelationalCommandParameterObject parameterObject, CancellationToken cancellationToken)
   at Microsoft.EntityFrameworkCore.Storage.RelationalCommand.ExecuteReaderAsync(RelationalCommandParameterObject parameterObject, CancellationToken cancellationToken)
   at Microsoft.EntityFrameworkCore.Update.ReaderModificationCommandBatch.ExecuteAsync(IRelationalConnection connection, CancellationToken cancellationToken)
   --- End of inner exception stack trace ---
   at Microsoft.EntityFrameworkCore.Update.ReaderModificationCommandBatch.ExecuteAsync(IRelationalConnection connection, CancellationToken cancellationToken)
   at Microsoft.EntityFrameworkCore.Update.Internal.BatchExecutor.ExecuteAsync(IEnumerable`1 commandBatches, IRelationalConnection connection, CancellationToken cancellationToken)
   at Microsoft.EntityFrameworkCore.Update.Internal.BatchExecutor.ExecuteAsync(IEnumerable`1 commandBatches, IRelationalConnection connection, CancellationToken cancellationToken)
   at Microsoft.EntityFrameworkCore.Update.Internal.BatchExecutor.ExecuteAsync(IEnumerable`1 commandBatches, IRelationalConnection connection, CancellationToken cancellationToken)
   at Microsoft.EntityFrameworkCore.ChangeTracking.Internal.StateManager.SaveChangesAsync(IList`1 entriesToSave, CancellationToken cancellationToken)
   at Microsoft.EntityFrameworkCore.ChangeTracking.Internal.StateManager.SaveChangesAsync(StateManager stateManager, Boolean acceptAllChangesOnSuccess, CancellationToken cancellationToken)
   at Pomelo.EntityFrameworkCore.MySql.Storage.Internal.MySqlExecutionStrategy.ExecuteAsync[TState,TResult](TState state, Func`4 operation, Func`4 verifySucceeded, CancellationToken cancellationToken)
   at Microsoft.EntityFrameworkCore.DbContext.SaveChangesAsync(Boolean acceptAllChangesOnSuccess, CancellationToken cancellationToken)
   at Microsoft.EntityFrameworkCore.DbContext.SaveChangesAsync(Boolean acceptAllChangesOnSuccess, CancellationToken cancellationToken)
   at Aegis.Services.Services.ConfigSystemUser.StartAsync(CancellationToken cancellation) in /home/admin1/Projects/Aegis/Aegis.Services/Services/ConfigSystemUser.cs:line 119
   at Aegis.Services.Services.ConfigSystemUser.StartAsync(CancellationToken cancellation) in /home/admin1/Projects/Aegis/Aegis.Services/Services/ConfigSystemUser.cs:line 129
   at Aegis.Services.Services.ConfigSystemUser.StartAsync(CancellationToken cancellation) in /home/admin1/Projects/Aegis/Aegis.Services/Services/ConfigSystemUser.cs:line 130
   at Microsoft.Extensions.Hosting.Internal.Host.<StartAsync>b__15_1(IHostedService service, CancellationToken token)
   at Microsoft.Extensions.Hosting.Internal.Host.ForeachService[T](IEnumerable`1 services, CancellationToken token, Boolean concurrent, Boolean abortOnFirstException, List`1 exceptions, Func`3 operation)
   at Microsoft.Extensions.Hosting.Internal.Host.StartAsync(CancellationToken cancellationToken)
   at Microsoft.Extensions.Hosting.HostingAbstractionsHostExtensions.RunAsync(IHost host, CancellationToken token)
2026-08-28 00:43:20.784 [INF] Starting database seeding process...
2026-08-28 00:43:28.359 [INF] Seeding Super Admin user: codedev90@gmail.com
2026-08-28 00:43:28.849 [INF] Super Admin user created successfully.
2026-08-28 00:43:28.939 [INF] Creating new entity of type JobRole.
2026-08-28 00:43:28.978 [INF] Creating new entity of type ApplicationRole.
2026-08-28 00:43:29.013 [INF] Creating new entity of type Employee.
2026-08-28 00:43:29.064 [INF] Creating new entity of type EmployeeAppRoleMap.
2026-08-28 00:43:29.149 [INF] Added 4 new permissons to Supper ApplicationRole
2026-08-28 00:43:29.327 [INF] Super Admin user created successfully.
2026-08-28 01:23:55.811 [INF] HTTP POST /api/auth/login responded 400 in 359.2829 ms
2026-08-28 22:29:37.020 [INF] Starting database seeding process...
2026-08-28 22:30:08.884 [INF] HTTP POST /api/auth/login responded 400 in 238.1725 ms
2026-08-28 22:30:44.087 [WRN] Login failed: User is blocked: codedev90@gmail.com 
2026-08-28 22:30:44.089 [INF] HTTP POST /api/auth/login responded 400 in 103.3982 ms
2026-08-28 22:31:50.556 [WRN] Login failed: Invalid credentials for UserName or Email: codedev90@gmail.com
2026-08-28 22:31:50.557 [INF] HTTP POST /api/auth/login responded 400 in 99.4387 ms
2026-08-28 22:32:02.691 [WRN] Login failed: Invalid credentials for UserName or Email: codedev90@gmail.com
2026-08-28 22:32:02.692 [INF] HTTP POST /api/auth/login responded 400 in 71.7376 ms
2026-08-28 22:32:48.253 [WRN] Login failed: No employee record found for UserId: c8bf23af-b2a7-4b83-a995-8a86dcf7217c
2026-08-28 22:32:48.257 [INF] HTTP POST /api/auth/login responded 400 in 119.2066 ms
2026-08-28 22:33:52.799 [WRN] Login failed: No employee record found for UserId: c8bf23af-b2a7-4b83-a995-8a86dcf7217c
2026-08-28 22:33:52.800 [INF] HTTP POST /api/auth/login responded 400 in 69.3009 ms
2026-08-28 22:42:45.155 [INF] Starting database seeding process...
2026-08-28 22:43:26.943 [WRN] Login failed: No employee record found for UserId: c8bf23af-b2a7-4b83-a995-8a86dcf7217c
2026-08-28 22:43:26.998 [INF] HTTP POST /api/auth/login responded 400 in 591.4541 ms
2026-08-28 22:49:55.215 [WRN] Login failed: No employee record found for UserId: c8bf23af-b2a7-4b83-a995-8a86dcf7217c
2026-08-28 22:49:55.220 [INF] HTTP POST /api/auth/login responded 400 in 339304.0429 ms
2026-08-28 22:50:12.472 [INF] Login Successfully, Employee : "08df046f-470d-4db0-8286-3135ffb6f6ce" , UserId :c8bf23af-b2a7-4b83-a995-8a86dcf7217c
2026-08-28 22:50:12.477 [INF] HTTP POST /api/auth/login responded 200 in 708.7836 ms
